gene_id,gene_name,pyruvate,glucose,glucose + glutamate,amino acids,glucose + amino acids
BSU14480,abh,427.27709978,250.865998,561.6899697,865.76570494,3234.97124795
BSU00370,abrB,3441.33659449,2859.16794651,2038.53579261,10811.040867,18182.8075014
BSU29200,accA,1552.37297579,1031.20958264,976.63058099,1470.23104373,3966.42723111
BSU24340,accC,2306.06697514,1798.4892907,2409.29640458,6207.30943151,10456.2445911
BSU29210,accD,1208.4302621,1118.97233122,684.64455841,1270.61376629,2705.4354484
BSU29470,ackA,1999.99465027,1612.91920737,6197.07375721,11039.5626927,54939.8171695
BSU15920,acpA,10943.2582849,11886.4935951,20204.7646192,35975.3968482,73072.2634569
BSU04620,acpS,298.65236475,,,,
BSU29680,acsA,2949.67259748,466.52000615,117.00428021,3356.98846785,
BSU29700,acuB,419.10030482,,,481.31534934,434.18557516
BSU14520,adeC,794.3130388,321.63824927,372.65839307,444.17879376,2626.9468322
BSU01370,adk,2615.3041307,2183.12712477,3619.67710803,11614.3445427,19951.4769325
BSU40090,ahpC,44438.7524833,24848.9313036,20051.0675024,44043.4241392,77161.3066604
BSU40100,ahpF,1450.59070602,1331.92130525,2098.86887881,3809.36312138,8973.69917769
BSU31410,alaR,836.94420751,350.56424454,403.28642454,907.62231992,1613.77520544
BSU27410,alaS,1258.04625819,857.34608698,1044.65739885,2603.60856766,4807.82853647
BSU31930,ald,5437.98773053,844.64619839,1101.20851807,74422.8871242,55493.8189031
BSU38830,aldY,443.1293265,,,,
BSU03010,amhX,2438.54842589,512.7692927,109.34834866,197.79486086,
BSU14450,ampS,1260.69636758,263.95814187,132.34259574,681.00154135,1401.3410125
BSU11390,appB,666.14401596,123.75361901,,,
BSU11400,appC,358.24211258,,,,
BSU27610,apt,711.73516081,871.76277903,942.92564129,2750.40001277,7609.18129387
BSU11210,argB,425.81623292,142.48348309,312.87145494,680.38226677,
BSU11220,argD,1518.47671467,1090.34764293,1218.74673855,1631.79242231,
BSU11250,argF,2198.54664577,1083.98866988,1810.66417124,1643.8049687,2213.59317718
BSU29450,argG,2863.5445626,2610.65439765,4511.12305324,5064.80308152,245.6278354
BSU29440,argH,890.24450586,1232.08526796,1883.3411592,1402.62039672,
BSU37330,argS,3259.26126533,1205.69835286,821.13916959,3288.63767808,5298.56098552
BSU29750,aroA,10875.1635377,20629.7582685,36974.3246524,13334.3786163,27461.095596
BSU22700,aroB,1902.74658222,1686.62181029,2165.08063212,948.57072789,1816.5699548
BSU23080,aroC,280.07213357,,,,490.65377317
BSU25660,aroD,372.14826833,257.15125662,204.45502484,301.511883,632.9452265
BSU22600,aroE,1270.74482111,3513.58095932,4137.20376629,3618.73774713,8814.61928752
BSU22710,aroF,2095.4462316,4162.4291195,4400.35689103,2080.02646497,6168.40917604
BSU22690,aroH,1344.02279564,1171.42067737,1565.7980684,1022.27096787,1403.30402703
BSU03150,aroK,268.04915594,185.24364937,321.26188274,208.89939654,441.99178205
BSU23980,artP,4303.03424334,1369.27287562,1368.47309665,2118.72647661,273.43184826
BSU23970,artQ,554.66160685,153.10289674,59.02806011,,
BSU23960,artR,662.64794574,292.67877365,339.88028546,472.53761458,
BSU16750,asd,8467.02134386,5223.61488354,5818.84354837,8453.07313806,13662.8534442
BSU22360,asnS,1234.56731886,1446.80420376,1971.5477071,5589.8883979,13587.0469236
BSU22370,aspB,4824.29383613,10915.769416,9860.49582153,13714.6744829,20200.6414794
BSU27550,aspS,2547.3689513,1583.98536288,2296.58781225,6800.96878648,10685.5147146
BSU36830,atpA,11973.2127938,6807.00014727,7580.57318906,41984.0495395,49402.2528313
BSU36800,atpC,1241.80457149,1923.67416706,1809.32165784,4204.92607246,6882.04989836
BSU36810,atpD,20369.1501114,10748.0514994,8181.96319386,50615.7935965,49598.9018653
BSU36850,atpF,4955.16327988,644.38301998,872.08113199,8197.60253601,11355.4730921
BSU36820,atpG,570.14926052,445.85739427,331.56227821,2914.72870353,3793.76767042
BSU36840,atpH,2406.4236445,932.25512494,955.68285812,4989.64377929,6309.38190372
BSU19230,azoR1,1781.00618582,1231.97252222,1153.0559682,1911.09703319,4632.54343585
BSU33540,azoR2,7524.76320886,1516.09805081,557.95536333,1290.07685413,724.34413922
BSU37730,bacB,123.97499748,218.17321282,355.17237728,,
BSU24080,bcd,568.41828491,565.09102574,307.11832798,3501.98900161,3827.55002023
BSU33480,bdbD,262.60412109,126.82591328,469.18351615,655.55081593,1894.84039772
BSU06240,bdhA,3135.31795703,3844.73266433,6623.27797814,7815.92272813,17020.3710061
BSU30230,bioA,3273.23189357,3192.04792148,2021.96492564,3864.29317699,7321.60099987
BSU30200,bioB,2228.11202892,1659.96464409,2024.70922999,4581.76920658,6484.85282484
BSU24030,bkdB,1047.28531293,519.14509474,535.57339922,4877.86977323,4742.81376284
BSU21900,bsaA,665.88404396,317.57886805,161.68593215,409.33453088,
BSU35270,cccB,625.08919364,162.01554661,169.10066915,768.39768074,850.84007858
BSU29740,ccpA,954.96189319,456.7003889,462.67333422,1366.17676705,2417.31215041
BSU25250,ccpN,484.62273987,111.16643112,104.7521986,220.2128646,300.36418143
BSU25300,cdd,1451.79610639,375.43716931,182.06881679,,411.26630952
BSU19780,cgeA,4257.87999475,,,,
BSU16430,cheA,1164.21914559,705.19953337,607.6224508,1579.87391444,1423.19194034
BSU14010,cheV,1624.99221196,1116.96902248,1021.28445877,1764.41023665,1690.14541171
BSU16440,cheW,1683.32092318,839.56519207,644.462836,1423.28665456,1622.9259796
BSU18000,citB,20289.6651067,5048.83263792,1294.02107426,24371.2258766,16421.7799181
BSU33040,citG,11815.9033915,2427.10182665,2007.42241979,9879.86521659,4674.71889593
BSU29140,citZ,22995.2177733,8373.3206424,2009.42390922,20577.9353389,2226.90946132
BSU00860,clpC,2478.74639771,1157.47087617,1020.83472565,2623.83776051,3437.9610206
BSU13700,clpE,563.62905593,165.26447432,130.48948076,420.30399909,305.76086697
BSU34540,clpP,7091.44478266,4011.35026664,4524.61689163,11117.6087058,18260.1721668
BSU16150,clpQ,665.89019571,,,,
BSU28220,clpX,2616.03156719,1689.88867012,2403.64744886,6358.18389618,11330.0310659
BSU16160,clpY,2586.2561348,854.17207795,615.01839058,1936.12161561,2960.18191131
BSU22890,cmk,1012.91306308,945.05012988,798.71438268,2023.17698403,4325.48984806
BSU16170,codY,2523.59106286,955.20325175,1586.89844203,3409.00000479,9218.91754969
BSU31680,comA,1060.47318094,320.47722006,256.13263813,623.3857793,598.944305
BSU25580,comEB,924.28004023,288.25708292,,,
BSU27660,comN,549.57487922,139.94696357,,,
BSU33510,copZ,2558.65828955,363.43093292,379.37402058,1217.76280448,2346.13884786
BSU17030,cotE,248.58836949,,,510.62754797,
BSU27830,coxA,287.82316981,,,,
BSU32690,csd,1713.95045407,1120.93728015,1300.79047365,1679.53640645,2871.67531448
BSU04580,cshA,387.29685823,1431.24169385,1917.32399362,1449.70269076,9733.80546816
BSU00520,ctc,7850.5979411,711.52780216,649.45394742,5776.10965091,2041.24895691
BSU19590,ctpA,234.17050069,87.67790834,79.00976506,220.04793694,430.99007518
BSU34160,cycB,128.50189987,,,427.26446731,
BSU27520,cymR,1700.30688044,508.21353699,613.9740487,1038.91094968,3409.34220541
BSU15600,cysC,4195.39942443,1080.46438915,1899.57593852,1029.63931805,1568.94038071
BSU15570,cysH,1695.25223105,520.45046161,908.16833256,,1180.94473313
BSU33430,cysI,2928.00317272,1771.57258483,1925.12960172,1406.99040545,742.2743673
BSU33440,cysJ,4101.59737272,2899.20552309,2803.63023352,1652.08010932,768.27987947
BSU00730,cysK,7092.9522982,2938.73181758,3030.36198118,10887.3404338,8919.01849743
BSU00940,cysS,856.21332953,245.76958728,493.35076246,1068.80039275,2163.30783507
BSU00100,dacA,1135.65662244,218.735512,355.35749013,2345.97099191,4433.62169092
BSU16770,dapA,320.43317134,536.53569755,307.62707626,1926.36173459,1598.30038331
BSU22490,dapB,176.97306877,306.48113147,361.18629445,864.69059542,1810.88723381
BSU09670,dat,3558.33183068,1262.07202946,512.37112237,793.97756822,524.679433
BSU04560,ddl,685.70130257,1313.09074521,547.64571459,1614.34991829,2943.73043423
BSU35500,degS,1127.21481981,68.99987495,42.850755,,329.91997709
BSU35490,degU,1597.72107382,1626.99579664,1007.62343022,2453.60883303,5013.76614056
BSU19630,deoD,878.38159994,457.32273392,681.28131718,1532.70042485,4119.89624999
BSU19200,desR,351.83072634,,,,
BSU19310,dhaS,4898.48504736,780.33443229,68.58269128,2339.10673923,
BSU32000,dhbA,1143.32702526,4437.95015455,2503.80490101,1408.15460325,2028.0755964
BSU31970,dhbB,6741.22694902,13864.8819522,8927.52536705,4985.51354209,7243.83759276
BSU31990,dhbC,602.52817574,9036.97019192,6857.10278837,3893.24384374,4780.34311704
BSU31980,dhbE,1395.31245548,4898.65003806,3708.95248278,1655.61732177,2498.90247714
BSU15420,divIVA,3860.30393158,1595.40554347,1474.29518502,3552.60543038,3435.47817622
BSU38520,dltC,2033.65044108,1394.32029919,966.8925083,3427.3309644,10054.3611089
BSU00010,dnaA,278.46152337,234.2547072,425.48573381,1252.08835413,1106.68022453
BSU25470,dnaK,12433.585697,5860.10438839,7280.46799893,22948.6539362,45724.8833452
BSU00020,dnaN,346.85729508,375.85691024,662.81477435,2264.81365036,4704.13850594
BSU12960,dppE,4015.72703671,246.80830366,,,
BSU30650,dps,1433.58560618,1253.71638814,1404.14357386,1655.11293264,316.08567533
BSU39420,dra,675.61562529,726.93456605,339.24548711,900.03380811,2164.34800769
BSU10050,ecsB,138.56781733,,,,612.05179511
BSU33900,eno,6757.25853046,10563.1676643,11497.8388597,9957.32194795,65766.1728306
BSU28520,etfA,563.29463378,89.72996621,,644.97347034,
BSU28530,etfB,1270.54690939,212.43478531,47.78148215,890.42672038,
BSU29610,ezrA,752.31446882,124.61686559,111.55804504,494.91106942,896.6057711
BSU15900,fabD,2204.50789889,1184.91521607,1333.76701161,8682.82968959,15053.2050061
BSU11340,fabF,2610.34083731,1802.02141908,1722.99092497,1843.55006036,5262.77098155
BSU15910,fabG,1724.93704918,2358.28773673,2115.89469164,3186.48651159,8994.80696999
BSU11330,fabHA,768.57844618,896.52166687,1036.64552304,1077.81174517,4313.43204496
BSU11720,fabI,1049.68219757,1139.85017248,1611.86939558,2113.59359927,7704.35956213
BSU08650,fabL,575.63703652,206.06885749,409.09821435,750.46873344,1830.53428865
BSU28540,fadB,865.29100695,165.41268887,83.54736706,665.48518592,325.63102388
BSU32820,fadE,459.91663886,,45.13968993,293.88252496,
BSU37120,fbaA,15257.2635551,15624.8475818,17513.475985,45662.8280105,68752.771725
BSU15980,ffh,777.62793809,353.3983011,447.03354724,750.60691436,1495.77335308
BSU33320,fhuD,1493.21024524,994.53353574,763.63404494,1912.56565143,2647.0933238
BSU16290,flgE,3238.48187435,1779.60932552,1228.99538438,3034.90012964,3468.16034504
BSU35410,flgK,330.77743302,192.20976545,194.14465015,590.52914423,171.39356845
BSU35400,flgL,396.92310307,104.48786093,101.32851129,334.91240277,1050.44457833
BSU35340,fliD,362.2756899,214.1806513,245.3510966,387.34177336,425.27395372
BSU16210,fliF,468.36344773,67.94939894,68.29293257,594.53679659,661.12970954
BSU16220,fliG,1183.68737517,249.70195735,176.68081768,,375.3730854
BSU35330,fliS,359.59060054,168.86372792,135.83943002,227.39585289,426.87038265
BSU16320,fliY,2257.30864371,1488.14029343,802.70164071,1884.79365253,2790.70189233
BSU15730,fmt,889.45133118,522.43599488,456.06599371,1125.99854121,2545.19272116
BSU22870,fni,306.53580541,,37.9234945,,
BSU24310,folD,605.22166766,1204.99256379,3333.34138015,6773.6807935,15316.6276908
BSU16520,frr,5511.49675079,5239.43190043,6697.3690498,16266.8520339,42597.2973504
BSU06170,fruC,405.11332982,285.6761281,494.47466421,961.15992731,651.57752817
BSU15280,ftsA,598.21832984,205.49161115,165.61278083,422.04700457,811.1363458
BSU35260,ftsE,582.81469756,,257.72422877,760.89208038,1073.07669537
BSU00690,ftsH,1849.59394625,1025.97440981,1330.72261192,5042.04855568,7400.18877917
BSU35250,ftsX,783.08822402,,175.30322358,639.61408646,1370.76695216
BSU15290,ftsZ,4154.65354497,2346.86618413,1916.70126084,4358.70528341,6942.79624271
BSU01120,fusA,13319.7314505,11452.1165412,18139.6723112,49524.4804611,125148.496233
BSU03910,gabD,1304.69246428,385.09060376,127.87251192,,495.98208822
BSU03890,gabR,171.66764401,,,,
BSU38860,galE,1527.14872924,2075.59120674,1638.39984261,3361.08888938,5665.54401107
BSU38190,galT,463.34816045,111.12613151,68.07201244,512.29532088,
BSU33940,gapA,4462.30376841,19204.6359566,35470.7868556,8783.30816253,170526.747886
BSU29020,gapB,4000.91885993,,,18703.6009826,
BSU06680,gatA,3021.4980309,2779.1776177,2624.70595365,6449.7086205,12025.0860292
BSU06690,gatB,4681.35176223,4822.26392527,3144.75923381,6855.99604071,11298.9752612
BSU06670,gatC,971.45243153,682.44892621,872.70595954,1690.82338639,3756.24821793
BSU00500,gcaD,999.48471877,397.13611374,568.18608433,1921.88414462,3690.89119287
BSU32800,gcvH,3219.05268064,460.68196382,302.44699757,2647.87773229,2411.98923151
BSU24560,gcvPA,1693.96291615,825.61926154,613.96025852,2024.13662636,448.74731885
BSU24550,gcvPB,1709.6387821,1160.60645445,1099.28698903,3235.17421114,880.73130192
BSU15090,gerR,351.49486483,78.99871292,,,
BSU01770,glmM,788.00192227,1352.82767979,1028.88996911,2093.41709246,5447.22504968
BSU01780,glmS,567.35821752,340.46367203,928.26514058,2740.81470281,6046.14458398
BSU17460,glnA,16815.6785908,8140.12412102,6942.33097239,11334.3451442,25293.2376913
BSU09290,glpK,713.33375526,151.12327647,,6110.88074568,559.6801209
BSU37090,glpX,1133.92509105,552.91175992,468.1260086,1471.0145377,1662.01979992
BSU18450,gltA,2910.86691292,2409.00258199,1407.88823443,,1143.07102799
BSU18440,gltB,414.28325027,1128.09272547,830.52827587,,1029.63601375
BSU10220,gltT,1280.95947351,253.67076274,317.19920842,2406.65589501,2138.02372848
BSU00920,gltX,2307.32539423,1735.65726441,2401.66489758,5279.95770816,10294.3221897
BSU08190,glvR,119.6745587,183.45721472,,,
BSU36900,glyA,10335.0657782,13072.7974419,19797.3905046,33194.4847699,59840.8292267
BSU25270,glyQ,745.10006171,821.32473688,973.30209856,1704.33858729,4581.3951722
BSU25260,glyS,1719.39389544,693.14111805,1053.99412376,2795.37635306,5806.91368874
BSU15680,gmk,563.34128215,253.90455966,335.86535714,1208.27256018,2206.65094639
BSU23860,gndA,15775.0381511,10758.8841034,8824.57500315,15566.0956127,17081.1980002
BSU22180,gpsB,1702.66155473,1058.54082453,666.7614196,1204.52994051,663.06901246
BSU27320,greA,7101.22027905,4394.8753484,4304.63077663,11156.7127038,18719.6624785
BSU06030,groEL,19265.1592573,14566.5207034,10852.2216793,33441.425646,46124.636083
BSU06020,groES,7131.02305793,4302.85640881,3430.71904161,10234.9612654,18034.4974564
BSU25480,grpE,548.0195562,735.24263274,820.40840063,1765.15848607,4755.21989174
BSU08710,gsaB,834.06684826,531.09182889,530.62765067,1080.43491679,2610.06027115
BSU04400,gsiB,22091.7979529,493.20260092,704.15953587,2999.72221772,1331.17750723
BSU35670,gtaB,7889.70596064,3693.27124728,3263.50073264,8997.76952311,9521.24222666
BSU06360,guaA,1943.16209574,2612.43303934,3873.17788379,12453.6590272,36619.1690092
BSU00090,guaB,3568.89976191,3210.20075986,3958.61250395,20337.9261592,35984.4083827
BSU00070,gyrA,743.27130498,422.30960798,407.46253821,1184.01915339,3647.04873605
BSU00060,gyrB,302.7224141,146.04841409,183.93562736,416.43173425,1077.00361189
BSU35360,hag,112622.90948,150241.025146,145022.53527,280952.648474,230793.209317
BSU22790,hbs,18358.2114634,19917.3614896,20608.4953667,41521.0545105,65795.7979036
BSU10380,hemAT,2628.24984301,1094.81407597,1026.34700489,1802.5203349,2128.01488332
BSU28130,hemB,320.74561034,367.38834368,279.57971698,906.47232086,2522.82752844
BSU10130,hemH,292.27864152,82.90428214,270.02119035,1425.88001396,926.01847637
BSU28120,hemL,639.65233042,761.92160137,669.5563549,1928.10550235,4174.13509196
BSU10140,hemY,490.91771205,,77.28080992,201.81087728,1034.52580208
BSU22740,hepT,199.72702493,,74.01045094,,486.69494437
BSU34880,hisA,846.47594873,707.12899141,801.41963652,,
BSU22620,hisC,1160.20576943,2714.97171594,2779.72426314,2096.07556192,6278.39270318
BSU34910,hisD,432.64223095,486.81745109,657.75026404,,
BSU34870,hisF,394.17136874,601.25689143,801.65442593,,
BSU34920,hisG,373.97363824,492.13270309,807.0846568,,
BSU34890,hisH,710.84289537,572.89552585,641.64253581,,
BSU34860,hisI,1694.21815792,886.34977006,1071.4572423,,
BSU27560,hisS,1159.59679412,989.88104232,1669.05401483,2240.23780726,5581.69586418
BSU10030,hit,2808.96256977,1632.72902306,1821.58382451,4113.61980792,6097.28034265
BSU32260,hom,3620.00152292,2166.72912116,3177.73146828,1722.66073676,4503.02589985
BSU35000,hprK,1069.44282858,398.4281399,330.38938888,874.79998625,1342.43536163
BSU00680,hprT,1916.07095751,1239.8196808,1522.62567918,5378.59818719,10562.9128163
BSU39820,htpG,1572.76709946,1849.30790058,933.49801484,2904.03711247,2949.54242965
BSU12900,htrA,503.75956114,90.57217679,83.27402648,,
BSU33000,htrB,948.74113948,152.51481217,141.55318482,344.81480545,107.47484486
BSU29130,icd,40219.4174222,37099.771962,22634.4725111,77080.3128511,41236.0775827
BSU15430,ileS,3226.73463297,2829.15548843,2426.92035491,9344.85335047,12785.9880542
BSU21770,ilvA,1433.40619323,969.00736318,1528.47239817,1776.53578886,2339.85288045
BSU28310,ilvB,2181.67182299,1230.18025157,2713.15129684,,
BSU28290,ilvC,34202.192298,21254.4553933,19403.4606172,2878.2964968,4843.13049251
BSU21870,ilvD,6471.16855302,3104.06770319,3653.55721978,1545.48379617,1278.03768549
BSU28300,ilvH,995.41920802,603.20791301,851.12467287,,
BSU04820,immR,261.43102341,264.86889457,134.08049054,65.47850137,
BSU01390,infA,1643.70720217,2144.00308886,3480.64467662,4961.39216341,9447.31693731
BSU16630,infB,1590.98333019,1689.82867176,1955.30771628,4763.15948999,9974.44398476
BSU28870,infC,1691.5928979,3317.66244661,4330.45919595,9964.06533402,18250.6247954
BSU39760,iolA,910.70788596,130.54893023,76.00027506,396.85817095,260.21669042
BSU39740,iolC,349.98059233,,,,
BSU39780,iolS,2617.31917535,1541.49318073,1547.82293716,2382.69936454,2124.32657042
BSU32680,iscU,832.99117997,657.50383064,636.5710318,964.56863475,2614.77578517
BSU41030,jag,427.47149619,146.62497142,114.18198177,410.15634276,429.01408137
BSU08820,katA,956.49053803,1347.1486233,568.35535969,451.7420283,1729.71128211
BSU39050,katE,490.23304386,,,,
BSU17000,kbl,270.12204741,,,1998.18907247,
BSU22130,kduI,1310.26259717,923.03671696,217.66675771,885.3934324,292.57626829
BSU00420,ksgA,7488.19398147,,107.61037068,1700.85550217,623.70737566
BSU28280,leuA,3748.66750396,1515.21620247,3657.93844883,345.00628966,388.64124991
BSU28270,leuB,14589.2773677,6437.67999585,7160.82736837,941.60283493,1470.72514125
BSU28260,leuC,1930.33228575,750.87156211,1627.51826304,359.80344815,747.02450308
BSU28250,leuD,2206.81673036,1250.52009792,1994.08422023,,
BSU30320,leuS,2419.91309856,1458.15474317,2044.51030085,6254.29579097,8642.795469
BSU17850,lexA,1813.75045043,557.24810515,376.24828765,864.2870367,1444.25351449
BSU06620,ligA,426.65308817,166.63789946,156.09320141,477.79183886,1263.27252063
BSU32330,lipA,462.10299061,112.2777615,497.12828065,2060.64656394,3742.28130021
BSU34050,lutA,1155.47834185,289.4468928,321.21661444,2917.60506831,1609.74571404
BSU34040,lutB,753.72921971,246.25658734,479.14610849,4123.90836643,1809.32281012
BSU34030,lutC,3433.47387684,602.07654729,890.99424002,9310.11274348,4961.44129889
BSU34190,lutP,364.16167989,,,743.31723495,
BSU30670,luxS,5386.29616044,2174.21498107,1653.85688889,3894.06284753,4498.58158588
BSU23380,lysA,690.32017357,626.84379637,1376.06325417,2286.43339649,3630.40405045
BSU28470,lysC,2482.48053467,1458.68539492,4041.66041932,,478.23575985
BSU00820,lysS,2643.22430165,1971.69417564,2516.02076157,7154.63588968,15763.0610073
BSU35640,lytA,1956.51013341,,147.57325252,541.75543769,
BSU35650,lytR,385.78977436,187.81422904,257.44784387,,1498.32388513
BSU01380,map,584.21496044,144.51075757,281.16285686,803.53641418,1881.03810094
BSU36410,mbl,395.6732452,336.31314741,1085.94874828,2526.06489528,8251.56272226
BSU31240,mcpA,351.38161747,150.28008995,127.95973769,405.76188317,618.14957685
BSU31260,mcpB,1343.67589977,283.26308875,293.92161203,512.86800761,922.74684928
BSU13950,mcpC,2780.21679178,236.00691557,106.96023666,990.22263742,
BSU29120,mdh,28359.9020399,35291.0057274,26821.4754837,58271.1761588,41975.5217752
BSU30800,menB,1091.09338912,929.43014107,1483.72579756,2530.74805015,5758.36034898
BSU22750,menH,111.06709684,,,230.78030863,723.39051206
BSU21910,metA,405.36921524,311.73898145,242.79908257,357.25514272,824.77984349
BSU11880,metC,620.50839046,623.4289345,1091.73887748,441.7978925,676.70804398
BSU13180,metE,6743.99390883,10684.6656968,21579.1214203,1681.52815742,944.60305735
BSU11870,metI,2364.77827307,1079.47238176,2003.39051792,949.23990852,927.26961432
BSU30550,metK,2836.70376325,2378.70752238,3707.05499607,8066.24590867,16710.0063265
BSU32730,metQ,2866.63847416,1226.48353502,2925.45757686,3125.54802905,9338.75076539
BSU00380,metS,2458.53810251,1309.6188917,1177.35740859,4910.60391902,7658.96547275
BSU19560,mhqD,230.27327802,297.50899854,,,402.64259962
BSU05490,mhqO,233.39273009,,,,
BSU27990,minD,727.63697012,715.63275507,648.80836458,812.50525692,1864.05160975
BSU23550,mleA,224.46521177,99.13296563,128.66603206,857.8457035,1564.07486285
BSU24520,mntR,529.83503636,376.08817042,420.18311646,789.87966344,1370.84728083
BSU14300,moaE,193.64387921,,82.24244821,369.5304747,546.48154102
BSU14280,moeA,438.98398352,87.29901697,87.71034729,,505.8609072
BSU13690,motA,581.77662309,100.4514348,105.11554671,613.15802272,524.12353698
BSU28030,mreB,1403.65277966,1044.80879098,1310.15698039,2366.55299797,6842.75432992
BSU21690,msrA,1257.87838445,387.91413321,183.03106628,,878.11806679
BSU13550,mtnA,17786.9863066,12320.3708089,10199.3822447,15055.4293712,15260.8152228
BSU13620,mtnD,4426.00314508,4181.79440166,3747.20992927,1417.13292771,1818.35017105
BSU13560,mtnK,2943.38476654,5078.93704714,15521.3324409,16333.1211432,17426.3760225
BSU27270,mtnN,499.49743082,559.10237569,465.42035291,1496.48632322,3288.69416618
BSU13570,mtnU,257.7521673,333.21312187,462.12649632,739.47050347,374.54362166
BSU13590,mtnW,930.15840625,588.43111923,707.36525003,,
BSU13600,mtnX,841.02128392,340.0278683,468.95615318,,
BSU22780,mtrA,211.88970381,122.1591627,170.40226701,815.58210763,1061.93601006
BSU37100,murAB,455.52787367,558.12514475,467.43837656,1040.75829562,993.45589889
BSU15230,murB,382.10312744,1522.25803739,1714.09378753,1652.22498401,6289.32076583
BSU15200,murD,663.62444649,235.07313779,403.4885027,1679.27788199,3113.90228807
BSU15180,murE,505.97270675,297.40325785,481.11843966,1547.94444499,2879.99560072
BSU27850,nadA,900.67794427,1064.19171602,2228.64107954,6485.87201604,10391.6987974
BSU27860,nadC,1978.62053303,1503.89555519,1787.32272105,4421.17443039,7354.2152312
BSU03130,nadE,4414.00441302,684.00050128,1975.36845112,6179.19231185,10150.1160139
BSU12290,ndh,4665.75222923,3812.62990753,8172.8341288,17593.3835164,34690.2460645
BSU22730,ndk,7490.66016469,2721.41691941,1873.17520777,39074.6826262,3253.91231285
BSU25130,nfo,857.62170538,262.07635728,298.99855823,659.20605094,1279.74195072
BSU09690,nhaX,185.72809787,,63.99709968,,561.66262586
BSU03420,nin,1639.58538584,606.66950758,2191.22663636,226.66667036,65.5690678
BSU40990,noc,162.24826655,381.5907645,1352.72823566,7544.12270042,263.78077843
BSU17380,nrdE,646.70170867,267.6035795,296.86500444,982.66273125,2543.80558285
BSU17390,nrdF,1803.30418954,288.28621432,190.50426528,863.57647194,1902.17673747
BSU29250,nrnA,837.3149111,950.17365261,803.49361593,1111.07261599,2211.57877626
BSU23610,nudF,391.69947664,260.56422378,244.50893025,468.58086397,748.16071541
BSU16600,nusA,2505.03806678,1528.78619859,1289.41221761,6765.22687711,8431.54690476
BSU01010,nusG,1272.37858415,760.69095028,1058.89078597,1809.9772466,3690.97332732
BSU19370,odhA,13172.3515684,2759.50079831,3185.37767886,30660.0334404,4934.31472241
BSU19360,odhB,20405.701445,2581.33684642,4446.3911437,42720.4898476,5640.38803148
BSU13160,ohrB,838.4042234,,,,
BSU11430,oppA,3738.54246002,1937.18149163,1483.6397677,20139.3308295,13013.0221099
BSU11450,oppC,215.93610166,145.28170151,88.91975407,1154.99568517,812.68352335
BSU02980,opuAA,5368.07896233,693.00424164,1281.89556502,1196.96358186,3959.429815
BSU03000,opuAC,778.94406264,271.76725507,652.37068699,603.10655134,2892.25009507
BSU33730,opuBA,241.62911985,42.08024424,140.27916212,109.23898571,
BSU33830,opuCA,1147.24036503,680.45158814,405.89667255,496.01095781,495.50859532
BSU33810,opuCC,623.51554912,150.06811256,94.357543,,
BSU32150,paiA,343.70939653,,,,
BSU22430,panB,508.01565994,932.68850174,744.14353043,785.98044144,2080.12375792
BSU22420,panC,1785.14531561,501.42700388,313.65258535,1430.08834147,2776.68104716
BSU14000,patA,673.94538185,449.84621672,443.44242352,1039.42989082,2385.59948941
BSU31440,patB,270.83100127,147.23776736,227.21358998,554.92145493,2063.51578316
BSU04140,pbpC,293.0465684,266.47618234,217.03369577,948.32418614,1677.0585459
BSU34440,pbpE,976.30782641,565.3584853,63.37036839,,
BSU30560,pckA,17931.2684571,66.57913104,112.59239604,51937.6723258,681.69573232
BSU14580,pdhA,14255.6203326,5116.83088391,4909.06400214,18311.3964053,59409.6499771
BSU14590,pdhB,21796.5615428,10911.9988849,9600.60186951,30159.9595593,79541.2172439
BSU14600,pdhC,24180.7336782,11281.3162791,10444.7661926,33898.7585096,83788.1682086
BSU14610,pdhD,23520.2137856,11482.8718496,13027.5235794,30290.3981163,68118.1205784
BSU38020,pdxK,1038.11849757,1170.07452028,1318.85996442,2207.20878941,6083.21361892
BSU00110,pdxS,6834.86351717,6000.98951304,7356.32065617,16289.5290841,20613.9441451
BSU00120,pdxT,1143.50381904,1683.11513141,2276.47009147,3957.65873741,3211.48965459
BSU11540,pepF,4065.97924242,2180.06399712,1289.90880846,2347.46880077,3038.50087427
BSU38920,pepT,2482.20086399,1310.95470129,695.08206716,1611.20552149,2417.70469464
BSU29190,pfkA,627.43876514,862.82793681,2744.61529266,3832.16345787,6414.9829796
BSU09310,pgcA,3664.09234293,1584.64975366,1358.52056569,2653.11945931,2990.53160283
BSU31350,pgi,11876.8193913,5183.35445414,5690.65631261,17347.1750643,18460.5275934
BSU33930,pgk,6240.62956143,12005.8611162,12240.7567772,10462.1725272,77189.6525537
BSU33910,pgm,991.88070943,2946.08976199,3413.79705446,2005.08680219,22224.6014022
BSU28640,pheS,1030.5687695,1357.86146482,1617.22898469,2796.32898786,7990.78952195
BSU28630,pheT,968.05636794,1145.18006489,1827.49421271,2843.47249746,6314.66362123
BSU29110,phoP,281.56690146,89.51054819,119.58656622,705.93256786,391.60991155
BSU35790,pmi,621.53420366,205.03868134,,332.5099994,
BSU34390,pnbA,728.00619999,745.32232982,557.55181816,381.82709282,408.15223547
BSU31760,pncA,458.85775574,,,,493.28041903
BSU31750,pncB,492.40585902,526.43612733,645.77003301,1728.82489854,4446.36466062
BSU16690,pnpA,4715.90264982,3793.23117066,3974.60723701,8646.94764236,15601.4015426
BSU22320,ponA,550.39260352,544.82684959,456.32876213,912.15257954,2545.15673649
BSU40550,ppaC,3989.87166008,4150.39621059,4959.41871493,10162.9791122,18684.4066626
BSU23360,ppiB,951.85565922,4511.91199048,9148.88576975,6731.88098002,15661.2801268
BSU37010,prfA,1071.47601377,540.66337086,418.25090867,1958.31767088,3684.12796905
BSU35290,prfB,1017.84690003,661.88765436,645.32091084,1710.21475637,4250.1354754
BSU13130,proA,828.00076489,650.85636193,575.62992039,508.42207235,839.07417572
BSU16570,proS,916.8493728,784.42486826,941.88758999,2694.45507688,5938.62749708
BSU00510,prs,2740.00133989,1704.8968455,2871.84704424,7417.29888448,13745.7230605
BSU09950,prsA,2741.28257128,1845.21800927,2682.15685161,5529.57911667,13435.02163
BSU06180,pspA,3321.48477781,2783.52569834,1276.03294583,1010.66222173,3352.1925568
BSU37660,pta,1373.96538745,2825.21371401,5541.78279394,7432.44643061,47574.2615715
BSU13910,ptsI,2122.95171551,3156.81642052,4747.02641407,4976.19119098,43094.6553302
BSU23490,pupG,1427.26235485,867.34099691,671.79243421,1624.07616551,3749.84304672
BSU40420,purA,2155.5163852,1964.8420029,4151.75322221,9671.6423596,32107.91407
BSU06440,purB,2249.66577121,3585.33053819,4718.46466713,9688.51583026,35374.761498
BSU06450,purC,520.6530391,1218.49094479,2192.37847544,4128.54396829,15829.3132698
BSU06530,purD,1535.30192951,2639.29540737,4026.44530944,8416.61036813,26178.1946072
BSU06420,purE,2309.30128302,2309.47396103,1900.55159706,3176.81043641,7854.58479506
BSU06490,purF,966.38796557,1094.12979059,2759.09058459,4773.68169184,14664.0991177
BSU06520,purH,4893.14022011,7141.2331241,7867.43917723,19130.4189001,56234.9305328
BSU06430,purK,181.95809957,504.0934083,808.77813694,1355.37699308,4478.97242242
BSU06480,purL,3409.25807446,3494.79387638,4554.05949981,10653.8516989,31684.4261824
BSU06500,purM,2070.38183386,589.48035278,731.31760235,1199.43854086,2211.43372806
BSU06470,purQ,940.9789118,1940.75979395,2739.51524992,4254.91352353,16124.5876714
BSU06460,purS,1961.29168506,3192.3337275,7001.56427744,6988.62086724,21804.4633554
BSU02230,purT,635.17473448,180.53902209,297.07241226,2250.44627783,1693.05678264
BSU14860,pycA,5264.78405618,2222.06426219,1877.57671308,6830.54742969,5177.55591798
BSU29180,pyk,5874.46681757,2985.8039758,4735.20456089,11657.0550713,24980.4368952
BSU15510,pyrAA,1420.78427157,933.20300176,1640.39266069,5767.56944417,14123.0277439
BSU15520,pyrAB,1019.14471229,784.33605476,1676.20768891,6965.75346526,16539.5605569
BSU15500,pyrC,1974.29103505,1551.4300427,1717.77106557,5327.89825608,13746.9579309
BSU15540,pyrD,752.04229654,458.00756622,521.71296136,1685.23061632,4072.82452639
BSU15560,pyrE,713.20007771,434.97794899,536.94029211,1696.61632825,10397.1159931
BSU15550,pyrF,1335.74596295,1603.64380163,1418.9575469,2082.1411887,5330.14239853
BSU37150,pyrG,1333.52474166,339.46089612,839.36038757,4242.50462067,9818.1908628
BSU16510,pyrH,591.17979414,264.11657834,638.01207943,2015.28707295,6109.05823164
BSU15470,pyrR,1831.95764191,688.79754012,688.84702733,2256.89855187,3289.80299839
BSU22560,qcrA,1898.696758,203.83147642,144.36309588,1343.09124721,
BSU22550,qcrB,139.24956014,68.34021055,,576.5712793,
BSU39980,qdoI,679.61979817,440.57639103,,,
BSU38170,qoxA,1136.71327558,394.14171048,662.59867266,4774.14912965,7130.77813908
BSU36690,rapB,703.58530106,788.62421975,418.6689049,480.31742461,940.12738772
BSU40300,rapG,429.4467399,288.73759683,252.59413388,,221.88827318
BSU18910,rapK,426.03817022,318.04101902,364.52521542,,
BSU35960,rbsB,396.18307517,,1212.76331214,5879.44358342,
BSU35930,rbsD,588.59841148,,,1299.76793944,
BSU35920,rbsK,2212.1521343,,,8344.68567177,389.20704233
BSU16940,recA,781.32332439,416.62686643,1811.01860601,1256.92828059,2682.06180021
BSU23120,resD,1172.31118194,305.71304482,319.16012034,3257.79001137,2809.98513906
BSU37080,rho,425.80569319,154.03946506,209.95511879,477.3717136,1221.38935978
BSU23280,ribD,336.90987948,,,,
BSU23250,ribH,1718.98558636,1623.9524414,1544.84050926,3129.15259625,8972.60478755
BSU16020,rimM,559.20336328,275.52246721,344.68118219,1086.17819798,1780.27378549
BSU14530,rnjA,4073.36410331,2868.47119748,3026.4713303,4927.87125675,10143.3455369
BSU16780,rnjB,1883.69776772,1201.41806009,1122.47599461,3208.45762217,6168.697649
BSU16960,rny,396.35703802,222.44390522,194.56371403,1385.75255227,1807.70255467
BSU40340,rocD,1231.7882899,336.79806102,223.21760032,113714.407404,5061.14877333
BSU16910,rodZ,377.67175573,72.84155056,140.34288868,497.47266607,1592.55361373
BSU14240,rok,970.68974604,783.12616051,635.93929279,1698.441422,2467.76039022
BSU28370,rph,728.68115592,273.95278837,325.23598449,1203.8772362,2494.66650456
BSU01030,rplA,1638.46285657,4265.25349318,5282.63444365,12476.9683066,42769.1693055
BSU01190,rplB,5122.96116365,6726.24682163,11261.1546673,15469.451037,30955.6759483
BSU01160,rplC,2103.4168862,4259.89427865,3952.53795034,7194.18337565,19698.1791322
BSU01170,rplD,392.52552994,3459.95791014,4734.49388636,10855.3252267,30612.6350708
BSU01280,rplE,9480.8007449,9542.00683275,11314.3138875,42326.47804,113954.204448
BSU01310,rplF,1065.09949459,2869.78700633,2798.13594794,8119.35580454,31707.7412398
BSU40500,rplI,948.42829327,1450.39025237,1905.69601537,2021.03620584,3408.48408401
BSU01040,rplJ,3756.23448626,1318.11358425,2520.26275223,7379.46332365,18480.7825081
BSU01020,rplK,2081.0846733,10714.5850833,11039.0162935,24960.9554399,55032.1823775
BSU01050,rplL,46214.7590012,24809.1671827,30746.7053073,142727.070912,202958.993672
BSU01490,rplM,2969.55242814,3013.60375693,6180.35355439,13678.7409295,41118.0983603
BSU01350,rplO,5201.49929018,7510.3942461,8545.30719324,8924.40806525,24718.0580029
BSU01440,rplQ,6370.92861591,4306.91022082,5817.54833648,18591.2167368,64246.2459789
BSU01320,rplR,1650.14566412,775.94467492,1958.11993329,2265.64427191,16119.4982066
BSU16040,rplS,3538.34270781,5514.77724357,10118.9896382,17838.7613384,52517.4668067
BSU28850,rplT,2076.71500331,3220.85694772,3818.32399322,8087.35721858,29850.7542758
BSU27960,rplU,4027.10371139,5040.70852187,5580.71325698,21010.4062422,46460.1050755
BSU27940,rpmA,1775.92116604,650.21592746,1190.25963371,1644.13933147,13477.2479997
BSU01240,rpmC,9339.64932348,10490.4017236,16370.3539977,41737.6181205,87047.0259363
BSU01340,rpmD,1343.14190367,1124.95744595,1734.4754188,1178.16850252,9895.95964128
BSU01430,rpoA,5593.05624096,3504.24270749,3549.88986181,11831.9367204,25646.5389925
BSU01070,rpoB,3936.99168748,3433.68528762,4105.85197623,10167.9694391,21229.0376763
BSU01080,rpoC,3755.95130991,2486.71353122,3102.59293893,8263.60824961,17105.3929869
BSU37160,rpoE,3461.24552817,965.00726367,884.51639324,3655.35502421,6025.67022006
BSU16490,rpsB,6107.89515709,6541.20700563,11568.9674673,34025.838084,98089.1362785
BSU01220,rpsC,4731.36860518,6672.60883353,12868.0633383,44601.003247,109999.453236
BSU29660,rpsD,11230.0447011,8007.72526385,14722.3028205,42285.4391162,93268.1558907
BSU01330,rpsE,9240.99791825,16019.4956087,23958.2727632,60379.2268117,102471.508931
BSU40910,rpsF,403.83899047,3468.95103645,10838.8564474,4038.69835504,23376.8372957
BSU01110,rpsG,17487.2842235,21377.1685863,25312.3037159,80860.065569,163614.658176
BSU01300,rpsH,3398.58090804,3771.56006881,7711.60796281,23833.3729809,61742.408117
BSU01500,rpsI,5312.19202951,3894.63062237,5705.76657423,14790.7905127,36641.055042
BSU01150,rpsJ,1955.77124453,8159.31285852,12857.8682619,13951.6660148,80152.0012716
BSU01420,rpsK,635.13532151,3469.18667969,5172.32886372,2629.93055881,11166.6214071
BSU01410,rpsM,5858.85705916,3781.57352041,5037.89427292,17816.0660879,40183.0170064
BSU16680,rpsO,2376.589685,1826.23799829,3629.5062316,10968.9364238,25895.9262183
BSU15990,rpsP,5372.54838015,10315.6045673,16319.9076368,30958.5874932,68845.3124326
BSU04670,rsbR,289.69438728,129.61207953,,481.22629285,539.56951313
BSU04710,rsbV,1444.84529175,516.36107211,545.76775214,1719.58722831,2493.86730745
BSU04720,rsbW,885.81215707,698.8176272,945.31493743,1277.4618366,1992.57539679
BSU01540,salA,1682.75324155,841.06436454,782.21404122,3168.28435343,2415.37476053
BSU15590,sat,6105.77438591,3105.20063373,7248.91745014,3779.83664768,6477.6345452
BSU09990,scoC,482.25010798,217.13016563,232.73714534,494.56821718,414.27344951
BSU23220,scpA,1622.73967353,572.68267863,479.70245511,1071.30661926,1593.98491011
BSU28440,sdhA,8656.71152119,1389.25789264,1413.63194601,14010.230889,3546.91711718
BSU28430,sdhB,3400.76340345,502.26736429,692.96671043,6745.89573565,2043.16795985
BSU33770,sdpC,802.34819985,81.19297566,165.77651974,,
BSU35300,secA,680.38934489,945.22108651,921.50223611,2829.01877697,4498.55323207
BSU27650,secDF,804.76568447,406.98827574,528.47898426,1675.92920572,2956.49148598
BSU23070,serA,7684.02762432,6335.66889931,14011.758765,12315.5266512,24975.4570164
BSU10020,serC,2052.5692961,2755.66402754,3114.56931667,5019.20972614,8040.6016726
BSU00130,serS,1084.44598947,760.11254853,1423.39306188,2963.19802029,5438.70517491
BSU25200,sigA,4687.811321,802.00017354,616.84843108,1810.83227578,2723.59002921
BSU00980,sigH,1088.90642849,,,447.05728539,
BSU24610,sinR,1447.25797426,698.86918374,293.41569501,425.17719688,638.4222369
BSU14410,sipT,194.0938948,45.10669671,,,918.73561038
BSU01920,skfB,1076.15602671,599.89880235,64.4827717,,
BSU01935,skfC,629.41272628,274.8838978,,,
BSU01970,skfG,830.3781599,1069.50912727,134.51212662,,
BSU25020,sodA,33942.5979928,5123.58390296,4181.17910301,25097.6570044,24725.0335946
BSU40970,soj,994.9617181,84.17017348,147.93931748,279.8766951,
BSU37500,speE,454.12090975,248.79041162,445.95422254,1353.85992249,5071.84819515
BSU37130,spo0F,1596.2655868,1508.48161579,725.80994419,749.77382767,537.7378444
BSU40960,spo0J,226.56814019,341.17309613,437.19059203,362.03454916,627.79682076
BSU08760,spo0M,1937.85050331,3617.50524744,1856.8723826,3057.19803697,5850.3391261
BSU23460,spoIIAB,681.80267151,139.72965117,,,
BSU41040,spoIIIJ,429.81951228,,348.47625173,1044.32759418,1483.60856185
BSU36550,spoIIQ,273.19192887,,,,
BSU22800,spoIVA,492.94068331,,,,
BSU00530,spoVC,230.25232321,181.43355842,169.3211749,552.5480652,1104.13505613
BSU00490,spoVG,3495.23344738,3774.71668017,2341.83790305,4628.85351676,2435.36200638
BSU28110,spoVID,461.63968634,,,,
BSU29530,sppA,1046.405981,144.84820735,88.11725915,714.36562397,1082.8668877
BSU03510,srfAC,2134.07065263,6137.20492048,7222.02815882,1910.93828403,3513.45887616
BSU09650,srtN,157.17347104,,,,
BSU40900,ssb,1768.73540414,279.13257324,359.51622444,2199.02770876,1822.42922891
BSU29570,sspA,6297.14466932,422.15779507,,620.78172666,
BSU09750,sspB,3839.07866529,,,1855.72730924,675.98549598
BSU19950,sspC,139.82758144,,,,
BSU13470,sspD,955.88827186,,,,
BSU08660,sspE,5033.39783281,72.7027319,,3063.02881308,
BSU32640,sspG,1345.61597919,,,,
BSU33340,sspJ,814.21864856,,,,
BSU16090,sucC,21652.4869133,7352.04879772,6071.23257929,44785.0009618,5677.67018527
BSU16100,sucD,11202.4336988,7489.11665966,5851.54314504,26678.1651011,4889.92210801
BSU21490,sunI,1018.65262036,429.02731671,707.77268647,2062.77069195,1643.29778992
BSU06710,swrC,2491.57324585,700.77109566,867.17998723,1282.30361406,2458.28641712
BSU35720,tagF,491.86308174,168.29789919,265.85234775,693.38470069,2536.71205516
BSU29380,tcyJ,548.74070128,,,,
BSU11650,tenA,1278.61694098,154.90996295,132.86503762,1963.84146205,2967.68654553
BSU27710,tgt,376.3439385,257.81126693,337.44528546,1005.4255019,1593.72072473
BSU08790,thiC,10688.615006,10886.4411619,7971.05395569,25260.1475162,33741.7828272
BSU11710,thiD,1446.31470666,1564.41769442,1405.87002101,4506.85271177,9534.27912354
BSU38290,thiE,406.43771301,261.85270448,157.01127723,653.09923597,788.38713149
BSU11700,thiF,375.59162421,322.75588865,265.19026677,789.54058396,2486.68377634
BSU11690,thiG,8013.49152478,8895.13423096,6267.47250912,19986.1123187,33530.1928936
BSU38300,thiM,615.68260321,149.92389861,,354.44650696,487.92881525
BSU11670,thiO,229.01441003,555.64997485,430.27273749,1224.01858213,2513.28628486
BSU11680,thiS,825.68568769,561.81203262,480.61215842,901.52473781,2020.83361887
BSU32250,thrC,3991.24979603,5810.2704999,6182.85244105,3216.08994686,8067.2924462
BSU28950,thrS,1002.51499826,797.8056757,1088.70093839,3009.18813566,5955.24233507
BSU28230,tig,27629.5384546,9317.9003976,17253.3422127,56291.0553647,101276.863386
BSU17890,tkt,8656.08044646,7856.36492955,7798.70985703,18478.4446731,25364.2094987
BSU13310,tnrA,458.38324577,,,,
BSU16120,topA,355.12713217,323.64830848,510.6521004,1122.55553714,1852.47444928
BSU04260,topB,222.04224823,144.30509351,168.06008597,452.05854767,1876.99974214
BSU33920,tpi,2100.78900605,4265.31401473,6903.07836614,5060.81423078,28340.849365
BSU29490,tpx,8246.61150124,9315.1346233,6096.61274652,12272.7225379,18990.6601365
BSU07820,treR,297.19973082,,,,
BSU16130,trmFO,167.41448563,457.9706622,744.24458679,1069.33901909,3119.743312
BSU22640,trpB,154.47223849,331.35006115,788.39814142,2323.10980254,4585.63275994
BSU11420,trpS,697.31706868,347.95815653,293.18360866,1221.37055025,3063.18785732
BSU28500,trxA,14501.187863,7758.20103159,9076.9096753,15380.6541457,22973.1958367
BSU34790,trxB,1066.43415632,434.47995099,360.14268095,1246.4191761,2200.88634265
BSU16500,tsf,16314.5892529,15126.2746247,19255.0208409,53572.9011351,95870.2774881
BSU01130,tufA,78472.6506465,59691.0481351,91043.696558,237848.24481,485915.157523
BSU29670,tyrS,1106.47899505,847.80617784,1527.33919721,3405.91645889,7267.78130596
BSU36890,upp,3472.20355575,2453.97180246,2585.74094817,6639.86004856,13871.5960187
BSU28090,valS,1104.08299405,1168.90093028,1481.79809611,3551.69932678,7551.92109381
BSU10770,wprA,2619.70763715,223.9797159,306.72959542,2051.82371094,1829.20280529
BSU22070,xpt,1278.7245744,2788.65754468,3855.08421073,5193.80144752,13241.7338039
BSU12510,xre,333.81432577,,,,
BSU00200,yaaK,2569.63823126,2175.21492568,1286.28106137,3354.88683445,5246.94277255
BSU00260,yaaN,273.57625753,96.55959804,42.02898083,,
BSU00330,yabA,452.8881319,,,198.53615554,
BSU00590,yabO,1446.80587805,657.70181815,500.1472438,1431.40322788,2067.27725802
BSU01760,ybbR,196.33538599,60.24302289,205.7549509,137.76193661,266.26584381
BSU02330,ybfQ,389.34559431,350.7893388,386.23005999,917.11373048,2910.50000288
BSU02410,ybgG,518.30141588,176.52035869,248.96043011,298.93460884,579.88005651
BSU02110,ybyB,669.70143739,,,,
BSU02780,ycdA,1306.17122418,172.88044807,187.47453166,2288.84851705,4191.51149921
BSU02890,yceC,1717.54220998,698.87570706,760.59886615,709.05322946,1637.54363413
BSU02900,yceD,6343.32696184,831.78270097,648.67197182,3548.24700509,2080.30806553
BSU02910,yceE,1148.56441263,57.31354078,18.88419556,241.82137554,634.63041324
BSU02940,yceH,1433.53202063,1413.9018276,1241.0134205,2750.60628907,5517.62491662
BSU03210,ycgN,753.47939512,90.17429552,143.34837501,36819.0075713,2642.21616992
BSU03270,ycgT,593.96563806,1152.24518352,572.67521147,572.09781866,698.40723946
BSU03660,yclE,479.1930926,,,,
BSU03790,yclM,462.11891327,78.09495373,357.36762641,,
BSU03830,yclQ,1414.97659663,991.2633342,1254.30161497,3622.90808368,4287.75231557
BSU03860,ycnD,291.47807835,205.74723855,116.21199242,612.86219006,524.3447608
BSU03870,ycnE,1191.19878694,420.38515433,391.0803625,858.76285103,1069.3255788
BSU03940,ycnI,563.38029777,397.82715246,462.11936723,1926.86077051,2882.39423942
BSU04040,ycsE,982.83661861,493.65905685,807.73264024,1644.51841065,3188.33119977
BSU04130,yczJ,479.70584488,,195.47283693,357.22920388,
BSU04340,ydaP,338.76005109,,84.30640808,,
BSU04430,ydbD,1122.37832214,,,,
BSU04550,ydbP,1771.70212009,299.17407198,343.40138143,1205.00920188,2280.73376015
BSU04780,ydcI,204.27853534,117.37565159,166.05934317,495.38600822,720.75603688
BSU04990,yddJ,726.58474246,,,,
BSU05000,yddK,599.30862229,206.91708444,292.83489927,669.08409486,1882.97087437
BSU05220,ydeJ,234.51607367,52.68554625,,168.03143896,86.32570633
BSU05660,ydgI,167.86792427,129.22579831,116.33685245,397.26609988,749.99791826
BSU05790,ydhK,945.32748823,,,,
BSU06090,ydiR,227.26731243,112.22320438,223.99140298,542.41801444,521.90359234
BSU06210,ydjI,253.09085325,317.75634539,207.68955504,201.50123737,619.19158247
BSU06840,yeeI,1789.89065534,170.97836359,210.9459522,1148.14852602,3856.88842614
BSU06920,yesJ,516.61742131,,71.82344476,,
BSU07250,yetO,683.17597371,287.31449706,290.67798874,1371.63064222,
BSU06811,yezG,295.14042572,222.58438816,119.22031759,143.33292734,644.12868433
BSU08470,yfhB,919.2599777,296.92543522,337.9929059,235.74204501,
BSU08480,yfhC,3582.18912809,1933.81809667,2185.75056169,2455.15481758,3895.30337576
BSU08590,yfhM,549.75688141,194.06323222,233.39024307,,
BSU08370,yfiR,304.99755831,188.68239338,129.61136472,315.28065403,555.72939032
BSU08440,yfiY,2347.90547749,1514.02002082,1758.61694371,4044.4349035,5771.0903341
BSU07970,yfjT,332.42885323,,222.51665528,,958.91632568
BSU07870,yfkK,2053.23171496,637.09480063,1081.35098721,1964.0010447,2342.92694184
BSU07850,yfkM,1812.18993624,,,943.09435813,
BSU07690,yflG,302.42730695,209.67867512,226.36087293,440.95443984,1701.11783886
BSU07550,yflT,1244.52692173,47.22214497,,,
BSU07520,yfmC,617.72353705,378.67557178,682.75735353,1114.69233853,3042.822413
BSU07480,yfmG,1313.04617779,1894.03784863,952.54661519,,
BSU07450,yfmJ,2110.93742209,296.00458516,197.67027554,436.05071364,
BSU07360,yfmS,3086.65217686,1584.72088367,1315.84572877,4046.81389981,4999.39407255
BSU07350,yfmT,2685.82010581,1337.90871833,1591.00357341,4773.94165288,4743.47777825
BSU08800,ygaK,219.44194548,,,,
BSU10070,yhaA,2014.4673519,1099.78629271,641.98309064,598.19290508,
BSU10000,yhaH,2041.86913438,268.4617251,393.26187556,656.51437944,709.40701289
BSU09930,yhaM,924.82734446,292.06189174,281.22626399,948.17220042,1336.80615295
BSU09150,yhcN,973.36028629,,,,
BSU09180,yhcQ,821.17152024,,,168.25729012,
BSU09340,yhdA,743.82460155,453.53821955,178.04627627,,488.73064706
BSU09450,yhdF,174.57697443,,,,
BSU09460,yhdG,1300.29086449,,,,
BSU09530,yhdN,2002.81624608,180.1638981,116.77296102,,1110.28947887
BSU09570,yhdR,634.66096828,807.15152616,1038.0738413,981.94052622,2020.85605542
BSU09620,yhdW,285.26082802,,,,
BSU09800,yheA,2568.63974688,1147.65167594,1906.05787547,7716.19072576,10321.2372391
BSU10260,yhfK,779.78152567,486.61876498,365.94690787,883.6110242,1501.69132738
BSU10320,yhfP,500.04323813,130.33207282,114.29967939,150.59618527,291.37484077
BSU10330,yhfQ,944.21269709,524.61667949,744.22483915,2203.46493227,2628.54318347
BSU10340,yhfR,1909.84345105,240.576253,368.59616306,1151.28698333,2477.35012262
BSU09260,yhxA,1168.51870337,538.18509504,212.08309272,599.1068704,
BSU10430,yhxD,1288.52925798,,96.95335928,,
BSU10750,yisK,286.27766943,132.31651242,,284.64622052,
BSU11020,yitK,673.11284554,750.68537458,715.86907461,998.4462916,1103.4220414
BSU11140,yitU,284.56240089,,,,
BSU11160,yitW,1768.49119117,,1312.48600983,,2351.99395371
BSU11490,yjbC,296.45890103,76.01655222,,,
BSU11590,yjbL,346.76906217,,53.7284612,,268.61187192
BSU11600,yjbM,378.18353829,168.90433526,87.14437556,,
BSU11850,yjcG,3742.95866913,2548.86188209,1824.13847299,1704.09169839,936.50661091
BSU11950,yjcQ,2598.06753402,755.78655679,211.00935799,,1051.05613255
BSU12190,yjhB,243.14218063,,,,
BSU12230,yjjA,561.40037501,139.77782843,166.9410616,514.07593624,792.69251615
BSU12270,yjlB,419.47442115,,,,
BSU12280,yjlC,6363.61364537,3282.26723325,4339.17134129,12440.697452,26501.3240348
BSU12410,yjoA,775.38772263,898.17076324,1162.50112701,2052.51264304,2362.98665128
BSU12850,ykaA,686.53405747,668.100766,767.39625211,3360.41105276,7411.65992434
BSU12980,ykfB,350.53815812,,,,
BSU13000,ykfD,914.44369739,,,,
BSU13010,ykgB,5251.58917671,2627.76753086,2409.41597994,7743.05321925,5665.13093328
BSU14340,yknW,2356.77976497,1416.39242851,964.96550741,825.9568404,2820.75177616
BSU14350,yknX,982.93955281,617.60574043,527.51102952,241.67931945,1002.29823822
BSU14430,ykpA,493.73347979,507.53000164,835.95115006,2036.87147605,6140.37669045
BSU14440,ykpB,648.62272458,181.74584525,173.17748928,396.56557006,561.09747544
BSU14550,ykrA,745.73228448,239.64368932,242.65128137,1434.26602287,961.08800947
BSU13490,ykrL,552.538047,368.88713571,,1483.26690857,1811.47783719
BSU14670,yktC,582.0843074,191.27297873,327.34934669,415.26616191,442.36054492
BSU14100,ykuJ,1341.46616183,1011.31123298,1663.10496829,2822.14614171,6885.00373088
BSU14170,ykuP,3071.46471288,4675.11905537,1893.32335129,1155.88243158,1240.18631193
BSU14180,ykuQ,2645.15183089,3224.15670301,4375.24511845,9396.5002146,27209.3152839
BSU14200,ykuS,1377.29916881,,,,
BSU13810,ykvS,1820.8836504,643.69427571,381.13848001,1853.52570054,
BSU13960,ykwC,3672.21707334,7714.71374017,6428.29233447,3612.68123341,8154.03170637
BSU14540,ykzG,1050.46117015,442.50387364,247.04836901,,1668.28532714
BSU14770,ylaG,472.65115894,673.73820567,1452.47922273,2829.5186795,8862.51574444
BSU14820,ylaL,770.00940254,380.15114557,77.48449696,,
BSU14940,ylbA,1649.02503803,755.80225132,413.58860955,1681.02999219,270.9753179
BSU15070,ylbN,701.51656803,423.93702584,363.86215734,1069.1183842,2316.83755423
BSU15100,ylbP,695.61877557,259.19247074,,,
BSU15120,yllA,368.45156593,212.45380245,263.91030605,717.04764357,770.33327931
BSU15350,ylmB,425.01032529,695.12365533,269.76536551,538.89466106,922.55742874
BSU15620,ylnE,416.93236313,191.94474175,509.96616138,542.17050214,1067.47434514
BSU15690,yloH,666.1931883,485.53520443,838.98438968,757.76097283,2170.81620348
BSU15840,yloV,1194.69939872,520.45801883,513.26887103,2432.42736437,3656.10582718
BSU17020,ymcA,483.21218942,160.17094738,107.43772652,415.45054694,1070.0318208
BSU16970,ymdB,252.12024153,57.36417431,127.06851033,236.93709933,819.48432621
BSU16845,ymfF,966.72051558,302.95991671,141.59454543,342.91279693,689.45303822
BSU16860,ymfH,576.98808015,506.79108007,298.60356306,492.58931309,787.07094437
BSU16880,ymfJ,624.492995,,,,
BSU17660,yncF,307.75262793,219.09545498,121.24524242,143.81762301,
BSU17730,yndB,836.05834972,1029.3144266,545.60363015,1875.64273792,3159.33123343
BSU17910,yneF,1188.86327028,754.81953197,713.10518177,3409.90612169,6061.46562614
BSU18060,yneR,327.30705767,,,,
BSU18080,yneT,3938.70443667,1491.1859568,1088.04458747,1111.65400545,1557.59501917
BSU18630,yoaJ,5907.95245798,,,,
BSU18720,yoaR,4239.2110173,,,,
BSU19240,yocK,305.63213182,,68.34564586,123.08266829,275.15529208
BSU19540,yodB,391.1349767,159.8227544,119.87121564,,
BSU19550,yodC,1308.76111741,2679.96704081,1596.93973861,1791.83404618,2617.44720462
BSU18390,yoeC,295.80162271,270.95768461,,,101.5129796
BSU21600,yokG,2812.48473904,1771.46348399,2133.44330968,1962.82250525,2626.5127368
BSU21570,yokJ,281.4850973,399.82956236,217.90857498,,360.13562981
BSU21080,yonI,225.58331813,138.59938571,129.07436963,145.27366039,282.48612661
BSU21010,yonS,697.14432489,143.33288972,140.66239363,,419.02424358
BSU20990,yonU,154.95893004,,,,
BSU20800,yopQ,428.89530191,178.65046526,86.55416316,,272.86477841
BSU20420,yorD,6073.54612572,1067.17966852,667.75830618,459.43296614,871.9867983
BSU20400,yorF,395.07756201,,,,
BSU18500,yoxD,580.41814151,451.98852638,670.16496962,1887.21054585,5109.9463472
BSU19290,yozO,683.33832535,191.89261088,168.87048206,378.23747883,650.09945011
BSU22880,ypfD,23880.6195404,13624.9299611,11331.057744,30463.7175225,24031.1431989
BSU21880,ypgR,1005.17094116,688.80708752,696.27937305,989.22947389,2110.67699167
BSU22810,yphF,367.59128137,177.44034299,179.17211917,,
BSU21860,yphP,368.16955435,729.68384708,1074.93327602,1648.96563835,4353.55458716
BSU22570,ypiF,353.12589542,57.39593669,,106.90060385,
BSU21700,ypoP,481.09907869,249.44794882,223.15034888,439.43124689,1229.93222034
BSU22230,ypqE,1506.61026871,608.452151,805.1233943,1331.33636401,1826.37675696
BSU22080,ypwA,846.65916408,553.75909537,501.49684328,1503.54179765,1165.13700565
BSU26230,yqaP,4627.50491691,2899.61304771,2018.30366285,1739.61121058,3646.6946798
BSU25940,yqcD,318.9930877,,,,
BSU25870,yqcF,1658.18985317,285.5695389,310.44085807,528.40997816,1248.8108157
BSU25630,yqeK,559.67946392,,42.6626554,672.53009641,721.22895814
BSU25620,yqeL,1154.19349442,238.46261618,359.12331585,781.08559824,3327.57037776
BSU25400,yqeY,924.1233156,473.02020369,478.40447258,841.24186724,1825.31930739
BSU25380,yqfA,5362.03552513,3975.31197891,2367.04151744,3634.64573226,7473.58955609
BSU25240,yqfL,393.68971119,154.85444212,351.49188474,665.90829521,1196.88908376
BSU25170,yqfO,976.52475035,276.15745453,219.34672584,457.97961624,571.64270803
BSU25080,yqfX,403.13240504,,,,
BSU24540,yqhL,261.27179211,328.57496691,497.81845764,2155.3947941,3262.1987701
BSU24460,yqhT,1165.12930372,484.31417452,300.28092507,870.80914209,452.15176823
BSU24290,yqiC,547.74931139,133.31536613,283.15783573,799.52140808,2236.2363089
BSU23990,yqiW,1698.9863898,1120.23589587,883.84022071,1039.29858225,1386.78261606
BSU23910,yqjE,1623.1273601,1814.53737149,1336.11871846,3547.160577,5705.73372081
BSU23810,yqjN,379.78988337,91.05547428,,,
BSU23620,yqkF,1377.9760459,522.54585055,437.37838441,765.91233177,741.21344657
BSU24940,yqzC,354.91300176,147.58747565,231.80113638,673.0698772,1306.04649438
BSU27020,yraA,1106.34561111,1005.51873195,577.13249561,870.6735357,1247.43549111
BSU27700,yrbF,1193.90830887,,,,
BSU26760,yrdC,479.78185668,476.18951253,377.465675,1173.58374199,
BSU26470,yrkL,781.6023716,408.00909323,,,
BSU27490,yrrB,149.32705716,,88.66097887,221.56580163,613.05832186
BSU27300,yrrS,851.39269413,132.47662279,159.75705336,,1175.30908433
BSU28940,ysaA,556.25817178,580.10383449,1009.0930192,1186.50960569,1694.41752467
BSU28890,yscB,427.42080257,,198.20017295,59.06886207,
BSU28420,ysmA,1001.55890531,254.68270293,,551.98275916,
BSU28350,ysnB,468.01540216,118.29909518,74.53046391,,
BSU28340,ysnF,411.65746223,,,,
BSU29060,ytaG,410.05102791,144.42521232,89.77605511,307.44050429,377.4653378
BSU29540,ytdI,1299.38304323,714.47355381,360.44176877,1384.20167315,
BSU30060,ytfP,139.08463386,90.40651225,,,454.34060651
BSU30700,ytiA,768.32477597,252.73431329,444.73912307,,389.98498714
BSU30690,ytiB,480.16061899,674.67722384,663.93372198,626.92000137,966.06297214
BSU29980,ytjP,1853.48010673,838.19982638,516.88039938,1064.27920622,604.82723329
BSU30660,ytkA,679.20693999,,124.41781913,467.54275,
BSU29970,ytkP,337.90016277,150.05938908,123.80754994,472.01185754,1349.88345802
BSU29850,ytoQ,1346.48955547,838.96234193,378.81733782,587.26995838,515.04607089
BSU29840,ytpP,1661.18136348,,341.23109254,,738.50437529
BSU29830,ytpQ,482.17010116,204.78625241,185.18830036,,1273.1952724
BSU29820,ytpR,1366.63924548,714.86444142,882.57158941,2705.22646558,6613.91038015
BSU29220,ytsJ,4332.63816542,3654.37756696,6766.44287514,4844.82012904,18782.4579988
BSU29640,ytsP,995.38067673,1195.43660707,1015.45242111,2136.16670133,4838.33591922
BSU30310,ytwF,893.14719684,288.27475445,349.29359504,1155.78399975,1375.74420541
BSU29780,ytxG,1300.66482288,138.07621291,182.59994433,404.43806153,492.65607307
BSU29770,ytxH,4711.16317778,1560.00925065,899.36886114,2182.27919989,1451.06275592
BSU29760,ytxJ,2131.24352869,933.29385546,793.42413396,1968.77896557,2827.26720748
BSU29870,ytzB,1051.11486739,276.67073501,184.23457753,431.57275915,391.59705654
BSU31030,yuaE,2671.02525715,1162.83258578,680.95130378,744.86738092,542.59858669
BSU31010,yuaG,2087.97601406,1214.53204243,541.44618313,235.69089631,406.99462053
BSU31540,yufN,2816.42823059,604.37648573,92.85042251,,
BSU31370,yugJ,1895.52136678,1310.03259454,762.61054794,1787.84363283,2537.2146066
BSU32050,yuiE,473.02193395,,,,
BSU31890,yukC,307.78635447,,,76.96381397,421.14788077
BSU31910,yukE,7143.65093783,1775.22611478,7867.36323905,23590.8011508,29990.5640624
BSU31945,yukJ,845.50053664,103.81250189,,,208.97306104
BSU31180,yulE,443.04535885,,,,
BSU31170,yulF,689.51070729,236.76008983,190.08480508,868.05432055,1317.522599
BSU32110,yumC,5518.31641292,5752.70497031,5656.8199168,9972.14016555,22248.9732517
BSU32560,yurK,174.47680221,234.11658164,90.2580814,99.31052914,
BSU32600,yurO,974.00672615,695.6477751,128.33966756,,
BSU32610,yurP,3046.279113,3694.74319456,1327.503704,,
BSU32660,yurT,1261.01881218,366.19717184,95.1700207,776.78376839,1571.37325745
BSU32670,yurU,8906.23234953,4796.65864324,4414.86350749,11320.5994921,18664.5588924
BSU32700,yurX,3663.45057837,3690.38335066,4090.52642375,7108.82371994,16410.8027053
BSU32710,yurY,5102.46937154,3637.90715078,5018.27536439,9447.44735325,19211.248843
BSU32890,yusQ,471.21154485,,,,
BSU32300,yutE,774.9603138,433.34816013,382.48763033,754.41347318,1231.41319998
BSU32220,yutI,6394.69900728,2332.62076989,2127.67808166,6418.18184259,9580.6484151
BSU32200,yutJ,497.03467913,270.96550723,401.68129284,2743.85810908,1488.84808093
BSU32160,yutM,554.76224092,221.8439127,221.84576186,330.38270955,1006.65191628
BSU33530,yvaA,3526.2912306,313.27692343,335.8815329,1479.94973638,471.95045838
BSU33620,yvaK,619.71701415,324.62604984,417.93496967,923.14562687,1401.91153545
BSU33880,yvbJ,1129.86007336,296.3056019,290.64501925,1216.77031208,1219.82092561
BSU34850,yvcA,183.02206918,,62.77758307,235.7957766,
BSU34770,yvcJ,440.9010661,208.37806229,371.86359918,404.63996468,992.81118917
BSU34700,yvcR,126.06711959,,32.05824967,96.27199158,
BSU34680,yvcT,2059.53735439,716.03229418,415.07527908,1583.69548695,1065.53061191
BSU33400,yvgN,3997.24644805,3943.02766871,2198.43865752,6648.12543471,6190.16363967
BSU35120,yvlB,2076.81818118,1148.04625712,437.12776474,556.27157546,1374.81457135
BSU34970,yvoE,401.10190197,396.79572745,257.72347207,584.48580143,827.78624176
BSU33180,yvrC,269.57619809,,91.07534618,490.5096075,1117.65578976
BSU33190,yvrD,188.48596765,108.35251653,123.62539775,389.27827857,707.87516924
BSU33200,yvrE,474.36673125,,,425.83105226,
BSU33221,yvrHb,562.23064492,267.31786662,260.82978678,459.37204197,879.98082211
BSU33280,yvrP,1076.78451876,503.55089634,531.94456273,457.61922627,715.31235747
BSU35310,yvyD,2675.85091484,2138.42750596,1428.92772799,3360.63442124,1744.39469621
BSU38550,ywaA,2278.62885897,1220.27850343,2209.43765454,1733.25630165,3243.70618638
BSU38370,ywbC,454.71574937,229.18136596,290.33987278,,
BSU38270,ywbM,1259.11169976,1047.48046082,1125.39786592,2112.56494525,2287.30888303
BSU37980,ywdF,313.3739031,137.40315757,131.05237827,445.88528485,668.68836086
BSU37680,ywfH,3058.70003574,1569.09946914,602.84811038,562.66786744,266.36805754
BSU37550,ywhA,1652.52025101,142.33090223,153.76572512,314.71346449,
BSU37220,ywjB,340.54940904,531.61813732,191.63249774,,
BSU37110,ywjH,14313.8853109,9591.28106585,8500.76610559,25812.7847381,25323.9550776
BSU36560,ywnH,670.51231159,158.38478381,135.1801424,445.31783667,537.03024886
BSU36180,ywqK,252.49166323,,,,
BSU35990,ywrO,1798.67230331,756.55138171,542.63060265,721.5460939,1251.63434398
BSU35980,ywsA,167.55280729,71.79815973,,71.91227112,
BSU35850,ywtE,659.94636545,335.25194543,490.96848025,1106.32234027,1467.22366993
BSU39900,yxbA,2429.09840317,2437.64890034,269.64560712,,
BSU39880,yxbC,7385.66787674,3097.05191153,484.24874693,,
BSU39870,yxbD,448.84851275,343.14986337,,,
BSU39610,yxeB,1342.8173452,1872.80811628,1431.09172396,2716.32048432,2824.6275492
BSU39520,yxeK,364.26826632,158.24854855,162.85153077,,1013.55951591
BSU39120,yxiM,1294.39205421,,,,1595.27104225
BSU38960,yxjG,3212.9861992,3970.32442232,6638.05193909,1290.16093326,919.94027738
BSU38950,yxjH,1017.139509,2345.42845869,2891.51267559,548.38782304,477.58604244
BSU38850,yxkC,3731.00299141,3552.05695582,6092.67279375,8950.2380772,21965.074168
BSU39910,yxnB,828.06174428,605.45556438,,,
BSU39290,yxxD,804.49154421,587.29940533,391.37942609,837.80183834,1442.60861994
BSU39220,yxxG,552.818691,2912.04992796,926.28999365,1270.87637974,3484.79073875
BSU40920,yyaF,992.38819905,1515.21854327,3366.7184775,3274.22734953,7506.30582852
BSU40620,yybJ,220.5759053,299.62853248,694.87318537,501.891667,2224.01015871
BSU40250,yycR,404.17899393,61.73624135,,,
BSU40220,yydB,691.64493067,329.57658951,316.89820709,466.78638908,670.88658697
BSU40200,yydD,651.28425436,173.2462113,207.51029457,339.99138944,716.21612733
BSU23850,zwf,4241.72838285,2681.21557047,2274.11344751,3600.71465883,6908.72695351
BSU24350,accB,,2235.25046274,2113.92987836,2236.55516471,4794.03183303
BSU10630,addA,,147.15237766,100.07115824,,890.36112439
BSU31400,alaT,,143.26749727,275.63787645,359.61794599,1112.19785272
BSU23580,ansA,,68.65150977,51.86099895,998.04399095,4791.46244905
BSU11190,argC,,419.49874007,451.66945012,,
BSU11200,argJ,,666.62785584,1210.76716122,1929.49926756,
BSU30540,asnB,,288.95693219,758.1689235,3794.13178427,7174.62199766
BSU39920,asnH,,205.6029277,,,
BSU37720,bacC,,884.81147698,,,
BSU32010,besA,,456.49759143,518.27877657,,210.39849762
BSU39260,bglH,,41.11022665,,,
BSU30210,bioD,,252.36941425,208.57158827,1050.91808335,1378.44182095
BSU30220,bioF,,116.12712747,152.40111951,,838.29506911
BSU30190,bioI,,224.34692766,231.66782778,1101.56088026,2850.67225924
BSU30240,bioW,,167.15162239,255.21196146,501.40671199,1427.84611953
BSU24050,bkdAA,,366.30400581,280.64287977,931.67012009,2060.96931834
BSU24040,bkdAB,,271.82233885,119.30137551,2302.54866616,2940.01240754
BSU24070,buk,,109.24657078,190.30744289,733.3837683,590.29419471
BSU11240,carB,,157.17027093,831.97594498,633.10021978,299.68668427
BSU14140,ccpC,,78.91219354,,100.64591427,219.83225967
BSU16420,cheB,,91.7513426,85.84351511,,193.14745842
BSU16450,cheC,,151.89777642,177.02113592,,
BSU22720,cheR,,127.97108511,393.39995595,301.88578698,812.96899662
BSU16330,cheY,,1164.23992136,1265.81918248,2117.02263682,2738.53526424
BSU10420,comK,,48.79662974,244.15448796,,
BSU15780,cpgA,,169.97505156,107.31622962,264.60748029,303.72229226
BSU25140,cshB,,140.5174406,188.22292473,526.19333701,1094.97306548
BSU09100,cspB,,1570.70437907,455.90165049,,15612.3552982
BSU05120,cspC,,526.02634663,856.03224794,1354.66557392,4598.50709476
BSU21930,cspD,,5134.77743911,6480.11939898,13747.8449633,25036.026057
BSU08930,cspR,,123.725194,218.21040079,,1773.86573365
BSU34800,cwlO,,207.24991924,747.10622739,199.96031157,358.99956802
BSU16760,dapG,,329.47641668,1136.80970074,1108.28885781,3321.21455995
BSU39110,deaD,,95.98273464,,,1269.42434984
BSU35480,degV,,47.91834003,104.32937382,372.74976501,778.25694284
BSU00880,disA,,313.61841604,326.37293755,392.74522091,559.1997211
BSU38500,dltA,,1022.86132057,1503.19009751,2317.46218886,9502.47254577
BSU38530,dltD,,79.04283891,138.11227535,829.59599254,1395.75775124
BSU25460,dnaJ,,352.51305185,516.39522824,460.52440108,1518.12191658
BSU12920,dppA,,221.63394999,,,
BSU16110,dprA,,57.36276442,324.50286599,,
BSU23500,drm,,373.24592756,176.95387743,646.70881776,1072.0885213
BSU23770,dsdA,,133.71436188,,,
BSU24270,dxs,,103.53605654,,360.5612647,918.63612643
BSU10040,ecsA,,42.85678572,,154.90282146,117.91377422
BSU24450,efp,,649.25332525,3431.79865632,2274.58022485,7659.6941356
BSU12370,exuR,,91.14540253,75.97411984,346.4985894,347.20096719
BSU10170,fabHB,,99.3990134,,,
BSU32830,fadA,,36.63985709,,,
BSU15880,fapR,,84.62186132,,,
BSU01630,feuA,,633.68065805,838.92199984,1500.296092,1321.92278295
BSU33290,fhuC,,86.36234138,87.28647414,,
BSU16400,flhF,,61.39889008,,110.74774451,
BSU36400,flhO,,25.16942219,,,350.59207963
BSU36390,flhP,,26.8268209,,,
BSU16230,fliH,,153.60288647,,266.05189354,
BSU16310,fliM,,126.80722305,274.00404157,,
BSU35320,fliT,,184.42298535,174.8383231,348.54512251,
BSU35380,fliW,,224.48487307,251.45575434,641.61761021,1221.853552
BSU28080,folC,,117.78279746,143.12600209,462.88129911,613.41947388
BSU14400,fruA,,78.48698198,68.17608144,490.49457529,1087.54394163
BSU15950,ftsY,,96.34113022,125.08691792,682.7295358,1439.68880327
BSU06310,gabP,,177.98453326,,,
BSU02350,gamP,,32.67080118,96.18370431,553.2767224,360.90888235
BSU05940,gcp,,77.7359935,113.72695213,255.0533594,894.02653915
BSU24570,gcvT,,1262.18022237,673.31217887,1521.26112927,905.77240804
BSU41010,gidA,,247.91326155,334.95060144,813.43215895,2832.93001466
BSU09300,glpD,,215.4556811,,636.11961216,
BSU18460,gltC,,43.14781721,73.14069568,,448.28736112
BSU40080,gntZ,,51.81459955,301.39366642,1280.06554181,3984.77610904
BSU22830,gpsA,,164.61759448,352.9183922,809.31681771,2573.13483017
BSU32130,guaC,,143.19583091,75.78005021,178.0695149,1891.10741788
BSU22960,gudB,,239.07150938,1067.79985153,6564.51430991,1372.42810923
BSU10120,hemE,,180.27670373,168.95392162,652.58668401,1252.707646
BSU22760,hepS,,357.55370128,36.36396555,958.08771333,646.0763854
BSU34930,hisZ,,469.79433828,1159.56327547,,
BSU13040,hmp,,26.56698234,,345.73777834,2615.5545891
BSU39670,iolJ,,72.14475712,,256.84889317,
BSU18380,iseA,,187.51578724,,,
BSU16550,ispC,,28.48691574,,,1871.87094358
BSU25070,ispG,,393.44877222,681.57676587,1313.42427511,3113.81662233
BSU25160,ispH,,174.84534837,210.43205752,432.88979186,800.30705014
BSU31460,kapB,,54.24549172,101.24888695,,321.68626575
BSU22140,kduD,,265.62998248,,,
BSU34130,lacA,,1328.99321014,1443.35066045,,
BSU03050,ldh,,948.80434112,285.37067018,,4021.24397935
BSU25510,lepA,,313.30680624,342.47776486,690.91821223,2186.62662644
BSU34990,lgt,,139.30934449,193.38713207,391.46413609,610.47236004
BSU28200,lonA,,125.26935099,222.14951379,660.35327303,1007.57769907
BSU35620,lytC,,435.88782917,114.33305696,,
BSU31120,lytG,,98.35559609,101.52620475,,214.02988158
BSU28050,maf,,199.76272396,509.12354043,,651.23222163
BSU31530,malR,,138.87917956,185.39354825,,
BSU27250,mccB,,163.92831109,111.48979407,,857.29172969
BSU00850,mcsB,,141.91380897,111.88201194,,
BSU11520,mecA,,53.00415523,,,
BSU30780,menC,,215.03749214,,,
BSU32750,metN,,190.50721843,424.44985223,446.76747257,1528.07529141
BSU00550,mfd,,102.68221968,227.96910545,611.2545835,728.21502133
BSU22480,mgsA,,337.86137562,246.56571174,721.50520702,915.9649897
BSU12870,mhqA,,182.77851451,,,
BSU28000,minC,,94.80565733,109.10685737,,
BSU16710,mlpA,,266.20944653,319.53788931,547.58739632,3211.49285436
BSU35660,mnaA,,57.96366873,84.19278448,230.66041208,755.15540761
BSU30770,mntA,,95.74645969,,,
BSU29460,moaB,,112.27251559,,,577.39626476
BSU15140,mraW,,168.5763976,351.56329886,815.0422868,2238.37275266
BSU32990,mrgA,,187.18093403,287.1593511,826.25111835,990.80173046
BSU21680,msrB,,308.85820622,,,
BSU03990,mtlD,,31.72789346,,,
BSU13610,mtnB,,457.01856406,370.55807046,,
BSU13580,mtnE,,330.48578314,400.42568374,287.24379822,747.36404148
BSU22770,mtrB,,330.8998763,321.09445266,599.21872273,1058.36766121
BSU36760,murAA,,373.84234926,1065.75983925,4002.97954745,8225.22073503
BSU29790,murC,,847.73624597,857.40051972,1725.7695524,4767.52264275
BSU04570,murF,,547.38636046,576.59926762,914.32960219,2145.62972959
BSU15220,murG,,81.99882097,164.8551951,627.48073363,1636.92216467
BSU30630,mutTA,,146.24934056,71.23264964,,
BSU27870,nadB,,67.94784254,136.84534687,378.43037091,
BSU11610,nadF,,87.66133532,125.60454029,405.38976741,354.39886647
BSU27890,nadR,,240.32503175,134.59865246,,998.28424015
BSU35010,nagA,,280.65217305,,,
BSU05440,nap,,97.93050077,72.60173462,,
BSU38110,nfrA,,222.03577261,79.17668764,,740.47750949
BSU27880,nifS,,362.74951401,355.03982336,798.9091588,1154.04373735
BSU29590,nifZ,,55.23529648,,,
BSU07630,nos,,18.3651796,74.83726307,,
BSU20060,nrdEB,,167.34017242,,462.64773463,1571.92061593
BSU09380,nsrR,,122.47937749,83.62837274,,270.40917853
BSU10550,ntdA,,613.51764731,109.1167291,,3270.48626712
BSU10560,ntdR,,103.18572642,,,
BSU27920,obg,,405.54986196,795.16787375,980.92692422,4026.39588754
BSU13140,ohrA,,205.02193492,265.19066111,,652.11967191
BSU13150,ohrR,,133.38835445,,,
BSU11460,oppD,,137.95375233,110.52284673,1235.11024754,893.11849419
BSU33240,oxdC,,192.50476063,,,
BSU00750,pabA,,623.91278174,309.8301357,754.30969149,2050.95449676
BSU00740,pabB,,129.26884788,245.62074166,381.49583722,935.75560892
BSU34400,padC,,49.47386407,67.21957061,,271.52436781
BSU18100,parC,,67.01949813,79.76114375,,394.58854507
BSU31490,pbpD,,78.84551508,164.03467958,314.75240784,1169.64796686
BSU16950,pbpX,,491.25323153,81.81506523,,
BSU06610,pcrA,,113.89963469,109.77625911,250.32829277,858.8613247
BSU39400,pdp,,590.24512473,313.78233274,2604.3734419,2662.42882359
BSU25340,phoH,,59.84659022,69.66992372,282.03481553,576.01010952
BSU17100,pksC,,100.45680296,,,
BSU17110,pksD,,87.66596771,,,
BSU17150,pksG,,103.26067935,,,
BSU17230,pksS,,89.3755184,145.99938743,463.23000814,
BSU15890,plsX,,237.26591908,264.78198921,743.10641357,1449.35252465
BSU29090,polA,,316.00710969,97.18979705,436.28296393,996.58050117
BSU28590,polX,,199.49622831,178.68380424,539.72068272,809.4608489
BSU08970,prkA,,34.33320143,,,
BSU11630,prpE,,57.66971333,,,
BSU24960,pstBA,,15.78045358,,,
BSU13890,ptsG,,1130.21627887,1363.72526615,,16948.4380971
BSU13900,ptsH,,352.48583458,754.95595116,,732.94169433
BSU06510,purN,,146.34094692,317.80497769,,1495.89945023
BSU00470,purR,,300.78902909,325.61643399,250.27711734,1382.9104742
BSU15530,pyrK,,201.29289538,264.73843178,1095.52306553,1809.40714132
BSU38160,qoxB,,88.76213118,210.96837891,1475.49354545,5600.22967416
BSU27720,queA,,154.43131887,204.09204973,394.93373039,1580.72457383
BSU13720,queC,,158.042018,114.37549519,468.56477042,1288.03973782
BSU13750,queF,,303.38049986,358.88079738,913.42885353,3087.96572894
BSU34430,racX,,441.56454673,215.83328229,,
BSU37460,rapF,,117.62531522,181.92285912,,
BSU16560,rasP,,23.71562707,,,540.4071821
BSU16650,rbfA,,170.57342632,269.55709404,,1782.71631389
BSU16050,rbgA,,94.44522142,176.12086347,567.72131259,2406.94844722
BSU27600,relA,,244.47476417,330.92761801,572.82963512,1063.95354187
BSU15670,remA,,279.68678824,300.46778091,,516.79225863
BSU23150,resA,,118.86378344,,213.31677925,645.02278593
BSU23130,resC,,53.91310217,,289.4495677,
BSU23260,ribA,,198.80901452,340.51261451,946.71070125,2607.34102649
BSU16670,ribC,,135.7057668,106.62135901,,1023.29848459
BSU23160,rluB,,216.31638707,,,704.35652589
BSU15930,rnc,,313.63452832,193.99045916,604.66070031,
BSU23840,rnz,,54.91025477,,,519.05119209
BSU40320,rocF,,126.00727568,82.49802213,13788.7576688,650.61034722
BSU15790,rpe,,81.65824893,111.0317327,184.36259716,539.02933878
BSU01260,rplN,,1249.15765445,1223.28709643,1959.48128659,12734.3399129
BSU01230,rplP,,3199.17048175,7310.45259409,8662.00007877,10130.7063193
BSU01210,rplV,,3908.08817157,4276.27731066,4954.4139437,16228.808311
BSU01180,rplW,,1295.24041804,3874.26041574,9681.46330417,19116.8969615
BSU01270,rplX,,371.7454474,1772.75423436,,9171.01129513
BSU01100,rpsL,,841.33078406,1411.00206888,609.15509432,4285.2635067
BSU01250,rpsQ,,909.26522719,1824.80660945,,14463.724527
BSU40890,rpsR,,2064.5837197,2653.33823239,4828.26411544,18111.6579881
BSU01200,rpsS,,1821.09239702,1860.16368775,4745.4366935,7248.0441325
BSU25550,rpsT,,2051.62554573,2737.72407097,3387.73326568,21445.7510054
BSU25410,rpsU,,212.45881929,938.72158194,2026.95136062,5348.41044528
BSU19450,rsbRC,,38.27540427,,,240.31293537
BSU04690,rsbT,,197.47960508,184.35514777,359.15212854,875.50987917
BSU04700,rsbU,,139.20988477,,634.25675964,
BSU23090,rsiX,,107.50843877,84.75073148,90.10914274,131.39558275
BSU41000,rsmG,,156.06854738,217.05268414,,996.41078431
BSU10640,sbcD,,46.38662847,,,
BSU15860,sdaAA,,90.93515962,113.74949497,723.7292635,1536.25231621
BSU33750,sdpA,,257.83244117,253.36883397,,
BSU15390,sepF,,437.08823843,201.49207324,837.26588786,
BSU04730,sigB,,51.80981567,65.40557142,,210.60977369
BSU23100,sigX,,155.55167319,,,389.66846581
BSU23310,sipS,,128.89241135,157.03085204,363.3071088,3158.65910746
BSU16980,spoVS,,822.29675679,286.50867446,1590.60450937,528.37351728
BSU03520,srfAD,,1860.82155791,1842.01950047,503.47885127,974.16254466
BSU36310,ssbB,,143.56758704,513.81031984,,
BSU35750,tagA,,67.18733043,,,
BSU35740,tagD,,604.42065305,591.87665665,2214.58278179,4840.19829192
BSU35730,tagE,,63.98978359,127.93154826,345.93832221,1019.3156972
BSU35710,tagG,,58.72471172,91.98565626,279.78515804,651.74269817
BSU11660,tenI,,153.47019753,183.60604649,515.09849486,1440.2265923
BSU41020,thdF,,179.95309249,164.74778114,506.51360875,1065.86664606
BSU13240,thiU,,257.25524094,239.14768265,744.52370393,2309.37402359
BSU13230,thiV,,360.27894908,438.22074273,,1889.93454043
BSU32240,thrB,,308.1721479,397.0351503,,282.7235088
BSU17680,thyA,,102.82176636,97.80728055,431.25705835,411.98879984
BSU31250,tlpA,,127.88854567,273.60925212,222.09627989,184.76153382
BSU31230,tlpB,,35.68105087,48.08486874,77.46609244,117.26728637
BSU27500,trmU,,163.63768682,151.45401534,304.05858174,862.40515628
BSU22630,trpA,,107.70561234,262.51185896,655.98758453,2599.8594071
BSU22660,trpC,,103.00237507,84.60766102,195.40416731,921.73000732
BSU22670,trpD,,124.7031637,106.39643757,259.46814924,1166.50983222
BSU22680,trpE,,126.19817572,155.73270261,462.11999644,2130.24958006
BSU35590,tuaC,,206.3491273,285.659817,,
BSU22610,tyrA,,161.21576206,283.04678404,557.71654107,1298.76553677
BSU36640,ureC,,178.27603059,,,
BSU35160,uvrA,,211.69015785,98.91571356,,
BSU40410,walR,,176.36160791,112.28915053,,1125.29280758
BSU00030,yaaA,,128.89497256,97.01954429,655.62311636,498.10421741
BSU00320,yaaT,,116.19730235,157.59316233,171.96775387,424.44684934
BSU00390,yabD,,109.14079706,344.87911464,617.36504828,932.15473059
BSU00480,yabJ,,1659.23528033,1680.89308075,2014.55106225,4866.453883
BSU00710,yacC,,262.8345134,253.72228366,727.93869329,1280.30493136
BSU00890,yacL,,106.37495413,116.45113674,,
BSU00960,yacO,,192.07804809,181.45344512,690.51265444,1280.92168392
BSU01750,ybbP,,60.2464466,60.1456519,239.4262373,264.92726724
BSU02520,ycbJ,,281.5063325,,,
BSU02770,yccK,,26.31860094,17.00467364,,
BSU02850,ycdH,,221.97022182,237.87013898,,
BSU02930,yceG,,156.05229973,66.28230243,,377.66073404
BSU03170,ycgK,,20.86545169,,,
BSU03360,yciC,,447.68088917,336.76735794,,
BSU04210,ydaF,,126.45723512,27.69907442,,
BSU04410,ydbB,,187.34187382,178.14832936,,
BSU04490,ydbJ,,66.76689009,54.63208569,199.30333835,542.0779411
BSU04520,ydbM,,81.69103697,,,
BSU05260,ydeN,,77.2115859,101.97532275,,
BSU05600,ydgE,,94.74718918,,,
BSU05750,ydhG,,178.07877581,,451.31889345,
BSU05910,ydiB,,268.89267376,403.09847594,379.91215795,991.63587648
BSU06060,ydiO,,80.93275104,186.51515704,345.27134933,935.99386942
BSU06100,ydiS,,210.87502578,181.9771366,571.68995623,589.29263075
BSU06200,ydjH,,42.36840292,50.52773743,72.87402987,175.58474036
BSU06270,ydjO,,783.56829642,492.91323861,1181.23347419,2402.65871678
BSU06280,ydjP,,1028.75503966,,484.34093505,
BSU06330,yeaC,,101.34096125,168.09878772,167.79042336,629.00940092
BSU06580,yerC,,1286.24723253,765.48235565,1790.75638499,2146.55403936
BSU06630,yerH,,113.32019681,176.8466473,361.17546463,766.72275754
BSU07150,yetG,,654.78445535,,,
BSU07160,yetH,,202.59638657,,,
BSU06860,yezE,,53.88622496,86.68644263,72.56388816,
BSU08530,yfhH,,401.54277175,117.14542474,371.60054725,1296.24942011
BSU08630,yfhQ,,52.49467757,,,
BSU08640,yfhS,,34.2081655,,,
BSU08390,yfiT,,206.360642,303.7195149,991.77777601,1086.27165137
BSU08030,yfjN,,46.39905055,,,
BSU08020,yfjO,,25.84111303,,101.11470667,568.07307337
BSU08000,yfjQ,,90.00968204,,385.79886715,1207.90902607
BSU07990,yfjR,,247.73856156,246.98137457,,
BSU07830,yfkO,,291.72556839,204.08846915,638.47232871,1546.18657965
BSU07650,yflK,,157.69595896,179.63637466,185.66275215,373.99863456
BSU07440,yfmK,,40.94598183,,,
BSU07260,yfnI,,64.57105088,94.91644275,,504.24383171
BSU08720,ygaF,,465.263042,,787.10905941,1159.75372395
BSU08750,ygxA,,141.93425192,226.66146681,,720.49085467
BSU08980,yhbH,,24.42693348,,,
BSU09110,yhcJ,,55.84719732,,,
BSU09510,yhdL,,111.03858668,,,404.44396772
BSU10200,yhfE,,248.78133483,,,
BSU10240,yhfI,,260.60592047,449.5363857,653.28430192,
BSU10250,yhfJ,,149.66704008,215.07661035,286.97635198,844.24548257
BSU10350,yhfS,,115.43618416,77.07253422,,414.43904846
BSU10100,yhgC,,727.25508707,413.56161444,1159.68941349,1396.08118179
BSU08900,yhzB,,41.66125494,75.13962011,,
BSU10810,yisP,,37.04709095,25.10760176,,
BSU10830,yisR,,41.74767359,,,
BSU10860,yisT,,76.77987236,,,
BSU10990,yitH,,116.63424893,,190.07992515,
BSU11010,yitJ,,893.92030676,1142.06100099,,
BSU11030,yitL,,163.26744372,97.98761082,236.019605,1173.06121414
BSU11580,yjbK,,29.91437543,,,
BSU11840,yjcF,,351.91004417,184.76479762,,201.53151526
BSU11860,yjcH,,182.10745132,275.12095717,505.49956427,257.55199795
BSU11980,yjdA,,101.77512403,100.5238568,,394.22642708
BSU12220,yjiC,,100.83424952,,,
BSU12420,yjoB,,57.88828145,,289.59156337,482.88725225
BSU13030,ykhA,,291.43240957,544.66621253,,685.01209304
BSU14360,yknY,,399.45685727,,,
BSU14500,ykqA,,79.68397329,101.63323604,,262.97498603
BSU14560,ykrB,,580.41558817,682.90779013,735.12441586,1440.65772188
BSU14190,ykuR,,274.44795145,281.84551056,636.85846836,781.46805407
BSU14220,ykuU,,723.76548776,346.8719272,,
BSU13860,ykvY,,259.43681794,155.66943944,498.125234,1260.95295868
BSU14840,ylaN,,492.85811213,488.60387547,1300.02501403,1496.55258341
BSU15340,ylmA,,99.24913009,84.63437602,,
BSU15370,ylmD,,168.83439708,130.09517696,,856.50978432
BSU15380,ylmE,,450.28988829,224.19176238,,
BSU15660,yloC,,155.54337852,56.20677786,,715.40626856
BSU15740,yloM,,386.8965754,143.34642466,,391.14823658
BSU15800,yloS,,184.57881206,,,
BSU16260,ylxF,,131.4784636,,,
BSU16590,ylxS,,253.76288763,262.25289715,442.17312796,1776.68533212
BSU15460,ylyB,,227.93836785,305.20772335,678.24010955,1642.40853072
BSU17320,ymaF,,52.09241847,,,
BSU17010,ymcB,,281.9362368,316.09642218,691.29395619,3370.60521105
BSU17940,yneI,,86.24511965,246.73923586,,
BSU18930,yobH,,257.65271634,,,
BSU18990,yobK,,212.27857504,308.40521666,,
BSU19010,yobM,,174.00477987,,,
BSU19170,yocD,,384.84670357,452.68311011,,
BSU19580,yodF,,445.46061086,329.88559107,807.38259455,1526.03085437
BSU19470,yojF,,92.90698914,,,
BSU19460,yojG,,381.19228542,226.9507975,223.91672896,809.23020263
BSU19420,yojK,,115.70872634,,,
BSU21660,yokA,,154.17238753,454.73118203,,
BSU21630,yokD,,270.68504949,75.1071161,,158.64772656
BSU21620,yokE,,118.71245231,128.19246333,,
BSU21580,yokI,,163.1413047,,,
BSU21550,yokL,,60.61572492,,,
BSU21330,yomK,,293.73924541,,,
BSU20870,yopJ,,172.7151862,113.19813349,273.96575071,340.68623752
BSU20790,yopR,,89.55062455,,186.48667181,
BSU20430,yorC,,42.04830654,,,
BSU20020,yosS,,183.58632812,127.65007117,368.04807643,
BSU18360,yoxA,,186.9829416,,,
BSU18870,yozI,,241.74232256,81.04992563,,
BSU22020,ypbS,,459.3878909,404.71517102,,
BSU22010,ypcP,,33.82219194,103.42421844,,519.63329601
BSU22950,ypdA,,263.52751187,184.81473238,470.73843676,966.82833274
BSU22840,yphC,,225.00076793,279.51798816,935.01209768,2967.06888293
BSU22590,ypiA,,183.80459424,138.76503846,1208.10080238,598.11563687
BSU22580,ypiB,,184.45136083,,,
BSU22270,yppE,,23.96521676,,,
BSU22170,ypsC,,78.52837259,94.62743124,380.49511148,1012.42557585
BSU23370,ypuA,,43.42446776,84.8359535,340.01055441,551.45041157
BSU26350,yqaE,,167.22088882,,,
BSU26210,yqaR,,105.54952727,,,
BSU25670,yqeH,,177.62556668,221.69097244,386.44420299,1377.16910241
BSU25650,yqeI,,426.74650944,786.64855455,1742.51303178,5529.04213786
BSU25450,yqeT,,114.00048695,50.41519905,516.26351101,1095.43559509
BSU25390,yqeZ,,335.24990331,262.3367838,,
BSU25320,yqfG,,193.37999195,179.8865741,571.59483562,1130.34890949
BSU24890,yqgN,,118.13651356,89.16250537,,
BSU24790,yqgX,,289.54964313,339.75914362,1032.59362789,1567.53440048
BSU24530,yqhM,,102.73962755,207.88879928,,723.69748624
BSU24330,yqhY,,126.66485537,329.52743802,893.33398543,697.02160215
BSU24280,yqiD,,90.95367346,,,408.87590147
BSU24210,yqiG,,194.57469897,155.43095119,,671.693395
BSU24200,yqiH,,23.04566604,,,
BSU23790,yqjP,,92.56224994,37.16008904,,
BSU23680,yqjZ,,159.31028479,170.64573461,,
BSU23660,yqkB,,431.65308978,490.66676446,,
BSU26780,yrdA,,181.2192775,76.10232648,,
BSU26800,yrpB,,152.06414736,105.43360413,,
BSU27360,yrrM,,112.84203924,98.87584845,,
BSU27340,yrrO,,28.68282337,98.70644148,610.60765924,1652.79770256
BSU27530,yrvN,,57.9981755,,,
BSU27510,yrvO,,184.47810259,159.98527157,444.04810395,1697.32617573
BSU27380,yrzB,,596.05092592,,,
BSU28820,ysdC,,43.7664473,60.96299008,,1143.67264941
BSU28360,ysnA,,283.04832821,365.99927194,591.60668595,994.1554122
BSU28240,ysoA,,134.44803117,,160.10574835,564.87817104
BSU28190,ysxC,,113.94722113,126.18664223,112.88920695,652.08043153
BSU30180,ytbQ,,148.26960326,74.81330487,142.70486856,401.10650623
BSU29000,ytcG,,127.31311336,80.71614958,,697.67697184
BSU29560,ytcI,,137.04925538,349.74742806,660.39674676,1669.00116411
BSU29550,ytcJ,,280.42310087,,,1029.87401534
BSU29410,ytkL,,55.158742,216.06555892,,
BSU30570,ytmB,,507.15895024,351.91140521,325.47310498,1269.7737758
BSU29890,ytnP,,133.97507898,,172.42131301,
BSU30420,ytrE,,142.73503432,168.73337922,305.93404992,1226.94431802
BSU30340,ytvA,,41.62654073,,126.92740188,
BSU29480,ytxK,,203.79070554,195.97176754,,1023.89644391
BSU30020,ytzE,,24.69195395,,,
BSU30035,ytzG,,80.63938994,30.49470527,,
BSU31070,yuaC,,50.82091295,101.35310692,,601.73094217
BSU31000,yuaI,,350.1268913,,,
BSU31390,yugI,,2427.4778764,4311.73417238,3356.0370268,14602.4653086
BSU32550,yurJ,,51.99446365,,,
BSU32570,yurL,,828.06580003,107.66770462,,
BSU32630,yurR,,54.74201989,104.70008389,170.2134353,797.83459763
BSU32810,yusI,,295.33997289,150.40134845,1076.75786818,1282.72129454
BSU32940,yusV,,399.95836129,627.37463336,970.05238519,825.90858254
BSU32320,yutC,,67.91767142,,,
BSU32290,yutF,,257.90739857,258.79595931,710.24837532,1397.62378308
BSU33680,yvaP,,293.92569526,84.44095078,,646.4493793
BSU33740,yvaV,,39.95877311,35.19184143,262.95561832,
BSU33890,yvbK,,344.91563072,251.3122477,349.04560259,
BSU34780,yvcI,,66.96981943,61.17258201,,
BSU34760,yvcK,,95.58081213,77.69233378,246.20300527,407.47241716
BSU34730,yvcN,,84.01548747,,,
BSU34640,yvdD,,666.47651705,626.53151307,,
BSU34210,yvfG,,401.96627106,690.8765371,1228.84585728,2152.94339274
BSU35080,yvmB,,106.47763431,,,
BSU35350,yvyC,,187.89994567,,1034.49489353,
BSU35510,yvyE,,68.60850295,187.26569223,,688.30333452
BSU35150,yvzB,,17287.0921924,2754.82665072,5833.63287468,2216.80396784
BSU38260,ywbN,,141.25552707,,,
BSU38250,ywbO,,174.90455133,,,
BSU37950,ywdI,,572.27232389,,1509.42468439,1235.72685023
BSU37670,ywfI,,357.8763893,592.66273895,1041.27993982,1964.12494905
BSU37640,ywfL,,150.53023925,50.17490078,261.18469314,652.9392366
BSU37520,ywhD,,155.39281655,299.89691332,659.17638492,1101.49480618
BSU36930,ywlE,,90.51900038,,272.31214158,3619.09784131
BSU36920,ywlF,,367.18883199,383.90874014,1466.71992158,1371.69300765
BSU36910,ywlG,,224.08051669,226.40565975,,
BSU36620,ywnB,,65.52496681,109.58735246,,2467.74071457
BSU36370,ywpB,,138.2066902,,,1203.55204205
BSU36290,ywpJ,,278.98729891,424.3822044,,823.68730569
BSU36200,ywqI,,46.31056521,36.41709786,,327.88077624
BSU36080,ywrF,,84.04260628,,,
BSU35840,ywtF,,104.72631051,268.91476382,258.01984964,648.65984855
BSU39940,yxaL,,28.95504264,,,
BSU39550,yxeH,,390.43767801,714.46013725,780.90732224,692.86954747
BSU39500,yxeM,,199.98569223,189.62305081,,
BSU39470,yxeP,,38.17712023,127.29102773,,224.36992953
BSU39250,yxiE,,70.39453167,38.05609928,,826.08647159
BSU39210,yxiF,,154.6249021,,,
BSU38940,yxjI,,125.84440493,,,158.36103999
BSU39200,yxzC,,488.16102895,,,792.12840877
BSU40830,yyaK,,113.16169494,153.6506306,,
BSU40290,yycN,,136.87986899,,,
BSU40210,yydC,,33.69056902,54.41927275,,
BSU25100,zur,,129.67002714,63.5145739,419.0709152,847.71488099
BSU37390,albC,,,739.80217927,,
BSU23570,ansB,,,197.03408842,893.24582834,4512.46700377
BSU37710,bacD,,,242.52268566,,
BSU11230,carA,,,326.68830396,488.37376112,
BSU33950,cggR,,,224.70926503,,553.95428052
BSU25590,comEA,,,473.02439276,,
BSU24730,comGA,,,168.89498571,,422.92813273
BSU24710,comGC,,,158.04336185,,
BSU35370,csrA,,,116.06877143,,
BSU02810,cwlK,,,21.84669399,,
BSU02100,cypC,,,42.29725601,,
BSU00930,cysE,,,33.83703393,,
BSU32170,dapF,,,239.88312766,600.46750883,
BSU21810,dfrA,,,21.84783606,202.5166335,
BSU22400,dinG,,,22.34285727,,
BSU28980,dnaI,,,163.16680543,,629.0830369
BSU25290,era,,,236.67310439,,442.6381015
BSU16390,flhA,,,83.5559587,167.4539061,
BSU16340,fliZ,,,81.01231048,,
BSU02360,gamA,,,131.70523174,890.57612156,462.14187626
BSU09840,hemZ,,,54.25280132,,927.8164789
BSU13660,kinD,,,32.09010706,,
BSU04090,kipA,,,87.38419984,289.84609648,
BSU04080,kipI,,,105.555909,,
BSU35630,lytB,,,175.10373573,,515.16703932
BSU32880,mdtP,,,65.15081331,,333.80464583
BSU32870,mdtR,,,43.85005224,,
BSU28020,mreC,,,55.63190108,346.03106254,428.95509001
BSU04650,ndoAI,,,97.86652493,,778.64391967
BSU03430,nucA,,,200.64324985,,
BSU24320,nusB,,,552.44188747,,4764.21526518
BSU33710,opuBC,,,39.56859465,,
BSU33820,opuCB,,,70.20155247,,
BSU18090,parE,,,98.8605254,,697.20105001
BSU13980,pbpH,,,65.322339,,
BSU09540,plsC,,,131.17498006,772.55002056,1616.09772533
BSU18300,ppsE,,,102.42221765,,
BSU15710,priA,,,26.23881167,,
BSU15770,prkC,,,49.18450856,,263.72203892
BSU13120,proB,,,180.95147314,,
BSU23800,proI,,,43.15174917,,
BSU15490,pyrB,,,324.12918553,372.32210837,2237.48705758
BSU28390,racE,,,346.0525311,531.24689699,1306.66119349
BSU24240,recN,,,70.79307271,,646.33385114
BSU23110,resE,,,50.0311451,,
BSU05970,rex,,,71.05456484,,1055.76747987
BSU23240,ribT,,,101.95219128,,
BSU37790,rocG,,,25.86866546,16023.8461492,315.71846069
BSU13200,rsbRB,,,142.69420954,484.98378431,948.49759101
BSU04740,rsbX,,,76.87658529,,68.23690023
BSU13460,rsgI,,,17.05376226,,97.74738835
BSU18490,rtp,,,82.65205631,50.15079181,
BSU27740,ruvA,,,21.65866552,,
BSU23210,scpB,,,67.69673962,,138.70215132
BSU24220,spo0A,,,94.25394496,,
BSU00770,sul,,,75.36835169,601.22688655,1232.49321785
BSU35770,tagC,,,332.48067873,,
BSU24620,tasA,,,97.22778435,198.82808102,626.58146339
BSU03610,tcyA,,,125.32548721,505.82689365,2229.47595545
BSU13210,thiX,,,68.2391326,,
BSU21820,thyB,,,68.02472951,362.32849972,1085.29308849
BSU29900,trmB,,,36.29478109,,599.0626425
BSU16530,uppS,,,285.54724674,661.0294789,1659.86037385
BSU12650,xkdK,,,36.97083357,,154.54938817
BSU12560,xpf,,,28.97758654,,
BSU00400,yabE,,,201.45110533,,161.8855325
BSU00630,yabR,,,76.57485429,,1732.52795731
BSU00720,yacD,,,42.1219622,307.6305754,286.76115632
BSU02050,ybdO,,,87.89470385,,234.58940756
BSU02390,ybgE,,,156.06846781,,
BSU02090,ybxI,,,25.01637545,,
BSU02560,ycbM,,,37.1351727,,
BSU02660,ycbU,,,48.96124428,,
BSU02720,yccF,,,74.83187467,,1295.27708007
BSU04050,ycsF,,,204.03693177,,927.43728193
BSU04850,ydcP,,,299.16161196,,
BSU05170,ydeE,,,174.04651695,68.57458647,112.92235518
BSU05250,ydeM,,,172.17437455,472.81703122,930.92524511
BSU05400,ydfG,,,135.05182121,,
BSU05920,ydiC,,,163.98259521,,
BSU05960,ydiG,,,54.67819035,,
BSU06110,ydjA,,,69.50137563,,338.01834578
BSU06130,ydjC,,,375.4372068,,
BSU06260,ydjN,,,36.54075391,,333.33899426
BSU06319,ydzX,,,112.15032576,,
BSU06350,yebA,,,22.88973439,,
BSU06770,yeeB,,,88.04929541,266.35515975,901.32670016
BSU06730,yefA,,,83.83428735,,336.83042562
BSU06640,yerI,,,29.45066717,,
BSU07955,yfkA,,,63.2128273,231.08403967,760.25993686
BSU07430,yfmL,,,110.34394248,207.09539659,
BSU07420,yfmM,,,67.95722654,443.235225,1590.89260382
BSU07390,yfmP,,,36.11728199,,124.65320614
BSU07370,yfmR,,,106.14534513,432.7957278,894.33687968
BSU09920,yhaN,,,191.42472437,,898.1833726
BSU09070,yhcG,,,18.25736423,362.12599907,
BSU09240,yhcW,,,49.50594583,,
BSU09550,yhdP,,,130.03006409,,900.4604422
BSU11000,yitI,,,246.67691617,,
BSU12040,yjdG,,,22.0389445,,
BSU13110,ykkE,,,396.23953104,716.15012135,1909.82905979
BSU14370,yknZ,,,47.44615862,,
BSU13280,ykoJ,,,16.89808542,,
BSU14650,yktB,,,337.4055274,284.1626466,912.45361842
BSU14690,yktD,,,18.66179972,,
BSU14050,ykuE,,,166.84052813,,
BSU14090,ykuI,,,64.65205185,,
BSU14150,ykuN,,,308.69301233,,
BSU15060,ylbM,,,42.01832694,,
BSU15640,yloA,,,229.26067219,526.57592666,468.65152834
BSU15750,yloN,,,138.76501575,694.02858141,1385.30331252
BSU16010,ylqD,,,33.83303592,,
BSU17250,ymaE,,,112.01881108,,
BSU17510,ynaC,,,23.1701229,,
BSU17440,ynbB,,,65.06541305,,408.71158444
BSU18040,yneP,,,40.69821941,,
BSU18550,yoaC,,,62.32697857,,
BSU18560,yoaD,,,160.02215036,,
BSU18570,yoaE,,,95.08256224,,
BSU19210,yocH,,,63.08969379,,198.9168354
BSU21610,yokF,,,111.00282484,124.84248895,480.88271496
BSU21560,yokK,,,236.61667219,,
BSU21540,yolA,,,289.35302197,427.79868464,
BSU21450,yolJ,,,128.63559487,,
BSU20440,yorB,,,71.37806891,,
BSU20040,yosP,,,34.05705361,208.71890524,284.25509746
BSU19680,yozE,,,296.13421278,,
BSU26180,yqbA,,,34.87784809,,
BSU25680,yqeG,,,77.0897127,,858.83443326
BSU25430,yqeV,,,75.48694205,507.59374096,1686.16003474
BSU24180,yqiK,,,25.0928576,,
BSU23670,yqkA,,,48.32198469,,
BSU24930,yqzD,,,186.19101274,476.54348211,2378.89303516
BSU27110,yrhO,,,114.8851349,,887.90302802
BSU27390,yrrK,,,110.4901681,250.72637234,505.78112665
BSU27350,yrrN,,,172.721371,377.69289173,1645.13387781
BSU28650,ysgA,,,86.91477742,,455.43437967
BSU29580,ytbJ,,,32.02805354,,195.43012685
BSU29950,ytlQ,,,25.78479406,,
BSU30490,ytqB,,,90.92525126,,
BSU31110,yubF,,,263.70837785,1878.60052134,2819.16038891
BSU31840,yueD,,,79.83395191,,580.74665949
BSU31360,yugK,,,90.24493643,,1272.03768585
BSU32620,yurQ,,,131.71862639,,2179.30730461
BSU32930,yusU,,,147.53416369,,1294.39870009
BSU32719,yuzK,,,389.98121157,,
BSU34710,yvcQ,,,28.33063729,,
BSU34060,yvfU,,,140.74186034,,
BSU33260,yvrN,,,24.43514822,,
BSU33270,yvrO,,,105.18126938,,
BSU37240,ywiE,,,389.76162715,,3344.94128538
BSU36950,ywlC,,,129.30943429,209.27867886,638.54399406
BSU36630,ywnA,,,26.66949021,,181.50887088
BSU36610,ywnC,,,115.22886432,967.35441133,1515.63829031
BSU36490,ywoC,,,64.68794025,,446.08991192
BSU36340,ywpE,,,42.65885306,,
BSU36330,ywpF,,,138.437114,,
BSU40710,yybA,,,265.20374121,,
BSU40370,yycJ,,,63.6817606,,75.66919605
BSU40170,yydG,,,74.87020262,,
BSU40150,yydI,,,70.62634881,,
BSU28720,abfA,,,,156.77319223,
BSU08060,acoA,,,,313.28334085,
BSU08070,acoB,,,,527.10570996,
BSU11370,appF,,,,278.80839809,
BSU03180,cah,,,,205.43249989,431.72893266
BSU16930,cinA,,,,450.39695212,
BSU33010,cssR,,,,87.0848761,
BSU35240,ctpB,,,,149.93491112,
BSU23480,dacF,,,,95.43576375,
BSU00790,folK,,,,477.13206285,915.72527789
BSU14390,fruK,,,,117.60767021,170.29209256
BSU38200,galK,,,,258.84466164,
BSU35680,ggaB,,,,914.64553859,1071.7956675
BSU02130,glpQ,,,,105.89784481,
BSU02140,glpT,,,,983.47928422,
BSU40060,gntK,,,,765.00332575,393.18857411
BSU28150,hemC,,,,207.56328823,596.79155571
BSU17340,hfq,,,,45.85370474,
BSU39360,hutU,,,,314.3973635,
BSU39730,iolD,,,,257.74797227,
BSU39690,iolH,,,,161.74022481,
BSU22110,kdgK,,,,52.05246232,
BSU38560,licH,,,,363.2677089,
BSU08180,malA,,,,1075.29926267,
BSU30830,menF,,,,444.10759235,439.86994613
BSU13300,mgtE,,,,259.20604658,
BSU11100,nprB,,,,437.44812428,
BSU11440,oppB,,,,835.23026874,
BSU11470,oppF,,,,364.87360505,379.29167265
BSU29100,phoR,,,,453.11874976,
BSU15760,prpC,,,,459.25069044,569.6217056
BSU24950,pstBB,,,,531.33227167,
BSU24090,ptb,,,,429.27945739,
BSU38150,qoxC,,,,606.75392638,
BSU35940,rbsA,,,,3345.32457044,
BSU37780,rocA,,,,46499.187098,3265.74378167
BSU37770,rocB,,,,655.09115797,
BSU11810,spoVIF,,,,491.57972095,
BSU11500,spx,,,,82.97367739,
BSU13220,thiW,,,,642.55949967,2352.11812651
BSU25180,trmK,,,,247.21822236,708.43723309
BSU21500,uvrX,,,,126.21621789,
BSU40400,walK,,,,236.04267746,559.20220215
BSU00580,yabN,,,,968.54334377,931.96309216
BSU01460,ybaE,,,,187.55931031,923.76296627
BSU02120,ybeC,,,,1125.55752995,1743.43249248
BSU03200,ycgM,,,,1526.74849131,718.48121203
BSU03380,yckB,,,,454.80624829,1578.34884258
BSU04000,ycsA,,,,919.17877685,
BSU05420,ydfI,,,,2965.39886627,
BSU06560,yerA,,,,970.74871196,
BSU07220,yetL,,,,91.67664319,286.99640878
BSU08410,yfiV,,,,113.02319224,
BSU08680,ygaC,,,,697.46079792,
BSU09900,yhaP,,,,381.91841507,406.21945623
BSU11570,yjbJ,,,,95.61268472,
BSU11620,yjbO,,,,639.20733354,
BSU13340,ykoM,,,,433.78305543,
BSU14130,ykuL,,,,904.63527093,
BSU17880,ynzC,,,,1184.4297975,2519.15359943
BSU20810,yopP,,,,337.79157827,
BSU22460,ypjH,,,,167.72795158,
BSU26190,yqaT,,,,329.75430214,
BSU25980,yqbT,,,,341.1625863,
BSU24300,yqiB,,,,206.47144907,680.88315145
BSU27770,yrbE,,,,808.25096974,
BSU27580,yrvJ,,,,153.66130843,237.2261279
BSU27400,yrzL,,,,109.91606502,
BSU30160,ytcQ,,,,109.3474553,
BSU29320,ytnI,,,,186.82462765,
BSU32040,yuiF,,,,579.3802712,
BSU31875,yukB,,,,1353.80944297,464.21611033
BSU31730,yuzC,,,,342.12414333,
BSU33860,yvbH,,,,212.03628133,
BSU34480,yvdT,,,,82.6501558,
BSU36460,ywoF,,,,161.43593834,
BSU40540,yybR,,,,69.96332704,
BSU04640,alr,,,,,218.76654217
BSU36000,alsD,,,,,1037.40186062
BSU36010,alsS,,,,,947.36596688
BSU18120,alsT,,,,,1321.72409168
BSU34820,bmrA,,,,,289.60077664
BSU03640,bsdC,,,,,773.48411139
BSU22450,cca,,,,,497.38300272
BSU09440,citA,,,,,337.41267064
BSU15720,def,,,,,564.04091764
BSU00150,dgk,,,,,667.44511167
BSU06720,dgkB,,,,,381.15437705
BSU40440,dnaC,,,,,188.28592439
BSU00190,dnaX,,,,,413.93591974
BSU16190,flgC,,,,,133.23013031
BSU16350,fliP,,,,,1049.02684923
BSU31060,gbsA,,,,,474.8983312
BSU31050,gbsB,,,,,711.06092174
BSU03930,gdh,,,,,506.53733524
BSU13880,glcT,,,,,173.39225375
BSU09270,glpP,,,,,355.74138169
BSU00900,ispD,,,,,118.26241021
BSU00460,ispE,,,,,1328.77625959
BSU24060,lpdV,,,,,735.39652405
BSU07710,ltaS,,,,,225.16237925
BSU37050,maeA,,,,,371.70724685
BSU03070,mdr,,,,,1077.77777516
BSU30820,menD,,,,,335.29829054
BSU29720,motS,,,,,227.13848475
BSU15130,mraZ,,,,,134.73839505
BSU17040,mutS,,,,,643.87317843
BSU25640,nadD,,,,,234.55193455
BSU37280,narG,,,,,1204.17320515
BSU36520,nrgB,,,,,547.58491961
BSU15160,pbpB,,,,,1746.85876593
BSU10110,pbpF,,,,,191.78445032
BSU08730,perR,,,,,486.52048837
BSU18070,plsY,,,,,645.37340981
BSU16060,rnhB,,,,,316.83249718
BSU33610,rnr,,,,,843.84685922
BSU01360,secY,,,,,1597.98287818
BSU16470,sigD,,,,,155.6108859
BSU15940,smc,,,,,1698.83559958
BSU14630,speA,,,,,686.21085896
BSU37490,speB,,,,,516.36672664
BSU29010,speD,,,,,3201.92127646
BSU36970,spoIIR,,,,,548.94215975
BSU17420,spoVK,,,,,346.38983906
BSU35700,tagH,,,,,702.14590541
BSU03590,tcyC,,,,,442.27059985
BSU29370,tcyK,,,,,248.00144812
BSU09130,tcyP,,,,,118.62377871
BSU00280,tmk,,,,,603.24681672
BSU27330,udk,,,,,684.70131763
BSU28490,uvrC,,,,,222.73762727
BSU12570,xtmA,,,,,939.05357104
BSU00340,yabB,,,,,339.48703764
BSU00800,yazB,,,,,822.96715977
BSU01510,ybaJ,,,,,625.43948577
BSU02260,ybfK,,,,,335.19941189
BSU02950,yceI,,,,,608.04927357
BSU03540,ycxB,,,,,163.91347344
BSU04020,yczH,,,,,66.35817278
BSU05080,yddR,,,,,202.27300346
BSU06070,ydiP,,,,,1270.36449333
BSU07570,yflS,,,,,856.20379628
BSU07490,yfmF,,,,,2583.06996359
BSU09910,yhaO,,,,,570.44010641
BSU09080,yhcH,,,,,812.77685164
BSU09250,yhcX,,,,,737.87754421
BSU09790,yheB,,,,,985.42578121
BSU11150,yitV,,,,,303.62878717
BSU12180,yjhA,,,,,1085.46309198
BSU15010,ylbH,,,,,886.34786446
BSU15700,yloI,,,,,348.79802518
BSU16620,ylxQ,,,,,1086.48621104
BSU15440,ylyA,,,,,551.30065162
BSU16870,ymfI,,,,,133.09523847
BSU17520,ynaD,,,,,113.61297777
BSU19620,yodJ,,,,,386.20142667
BSU21050,yonN,,,,,18313.5100865
BSU21730,ypmS,,,,,111.79018453
BSU22260,yppF,,,,,319.6749564
BSU22190,ypsA,,,,,254.46935223
BSU21950,ypzA,,,,,66.75939146
BSU26020,yqbP,,,,,155.83115536
BSU25610,yqeM,,,,,585.20617468
BSU24810,yqgV,,,,,710.34288288
BSU27480,yrrC,,,,,128.22531859
BSU27370,yrrL,,,,,522.53118501
BSU27620,yrvE,,,,,1067.81827263
BSU28460,yslB,,,,,466.97479507
BSU29050,ytbE,,,,,273.58531997
BSU29920,ytmP,,,,,345.28294686
BSU30450,ytrB,,,,,281.70775671
BSU30410,ytrF,,,,,527.20557931
BSU31860,yueB,,,,,606.29892229
BSU32770,yusE,,,,,304.98663913
BSU32180,yutK,,,,,532.45120019
BSU34750,yvcL,,,,,291.97904736
BSU35520,yvhJ,,,,,574.36984299
BSU37960,ywdH,,,,,203.09684245
BSU37140,ywjG,,,,,573.19754575
BSU37000,ywkE,,,,,278.14298669
BSU39990,yxaF,,,,,206.49754647
BSU38970,yxjF,,,,,257.76551085
